code,city,country
AAA,Anaa,PF
AAC,El Arish,EG
AAE,Annaba,DZ
AAL,Aalborg,DK
AAM,Malamala,ZA
AAN,Al Ain,AE
AAO,Anaco,VE
AAP,Samarinda,ID
AAQ,Krasnyi Kurgan,RU
AAR,Aarhus,DK
AAT,Altay,CN
AAV,Surallah,PH
AAX,Araxá,BR
AAY,Al Ghaydah,YE
ABA,Abakan,RU
ABB,Asaba,NG
ABC,Albacete,ES
ABD,Abadan,IR
ABE,Allentown,US
ABI,Abilene,US
ABJ,Abidjan,CI
ABK,Kebri Dahar,ET
ABL,Ambler,US
ABQ,Albuquerque,US
ABR,Aberdeen,US
ABS,Abu Simbel,EG
ABT,Al-Baha,SA
ABV,Abuja,NG
ABX,East Albury,AU
ABY,Albany,US
ABZ,Aberdeen,GB
ACA,Acapulco,MX
ACC,Accra,GH
ACE,San Bartolomé,ES
ACH,St. Gallen,CH
ACI,Saint Anne,GG
ACJ,Anuradhapura,LK
ACK,Nantucket,US
ACS,Achinsk,RU
ACT,Waco,US
ACV,Arcata/Eureka,US
ACX,Xingyi,CN
ACY,Atlantic City,US
ACZ,Zabol,IR
ADA,Seyhan,TR
ADB,Gaziemir,TR
ADD,Addis Ababa,ET
ADE,Aden,YE
ADF,Adıyaman,TR
ADI,Arandis,NA
ADJ,Amman,JO
ADK,Adak,US
ADL,Adelaide,AU
ADP,Ampara,LK
ADQ,Kodiak,US
ADT,Ada,US
ADU,Ardabil,IR
ADW,Camp Springs,US
ADX,"Leuchars, Fife",GB
ADZ,San Andrés,CO
AEB,Baise (Tianyang),CN
AEG,Padang Sidempuan,ID
AEH,Abeche,TD
AEP,Buenos Aires,AR
AER,Sochi,RU
AES,Ålesund,NO
AEU,Abu Musa,IR
AEX,Alexandria,US
AEY,Akureyri,IS
AFA,San Rafael,AR
AFL,Alta Floresta,BR
AFW,Fort Worth,US
AFY,Afyonkarahisar,TR
AFZ,Sabzevar,IR
AGA,Agadir (Temsia),MA
AGB,Augsburg,DE
AGC,Pittsburgh,US
AGF,Agen/La Garenne,FR
AGH,Ängelholm,SE
AGP,Málaga,ES
AGR,Agra,IN
AGS,Augusta,US
AGT,Ciudad del Este,PY
AGU,Aguascalientes,MX
AGV,Acarigua,VE
AGX,Agatti,IN
AGZ,Aggeneys,ZA
AHB,Abha,SA
AHE,Ahe Atoll,PF
AHJ,Ngawa (Hongyuan),CN
AHN,Athens,US
AHO,Alghero,IT
AHU,Al Hoceima,MA
AIA,Alliance,US
AIN,Wainwright,US
AJA,Ajaccio/Napoléon Bonaparte,FR
AJF,Al-Jawf,SA
AJI,Ağrı,TR
AJL,Aizawl (Lengpui),IN
AJN,Ouani,KM
AJR,Arvidsjaur,SE
AJU,Aracaju,BR
AJY,Agadez,NE
AKC,Akron,US
AKD,Akola,IN
AKF,Kufra,LY
AKH,Al Kharj,SA
AKJ,Higashikagura,JP
AKL,Auckland,NZ
AKN,King Salmon,US
AKP,Anaktuvuk Pass,US
AKR,Akure,NG
AKT,Akrotiri,CY
AKU,Aksu (Onsu),CN
AKW,Aghajari,IR
AKX,Aktobe,KZ
AKY,Sittwe,MM
ALA,Almaty,KZ
ALB,Albany,US
ALC,Alicante,ES
ALF,Alta,NO
ALG,Algiers,DZ
ALH,Albany,AU
ALI,Alice,US
ALJ,Alexander Bay,ZA
ALL,Villanova d'Albenga (SV),IT
ALM,Alamogordo,US
ALN,Alton/St Louis,US
ALO,Waterloo,US
ALP,Aleppo,SY
ALR,Alexandra,NZ
ALS,Alamosa,US
ALW,Walla Walla,US
AMA,Amarillo,US
AMD,Ahmedabad,IN
AMH,Arba Minch,ET
AMM,Amman,JO
AMQ,Ambon,ID
AMS,Amsterdam,NL
AMV,Amderma,RU
AMZ,Manurewa,NZ
ANB,Anniston,US
ANC,Anchorage,US
AND,Anderson,US
ANE,"Marcé, Maine-et-Loire",FR
ANF,Antofagasta,CL
ANG,Angoulême/Brie/Champniers,FR
ANI,Aniak,US
ANK,Ankara,TR
ANM,Antsirabe,MG
ANN,Metlakatla,US
ANR,Antwerp,BE
ANU,Osbourn,AG
ANV,Anvik,US
ANX,Andenes,NO
AOC,Nobitz,DE
AOE,Eskişehir,TR
AOG,Anshan,CN
AOI,Falconara Marittima (AN),IT
AOJ,Aomori,JP
AOK,Karpathos Island,GR
AOL,Paso de los Libres,AR
AOO,Altoona,US
AOR,Alor Satar,MY
AOT,Saint-Christophe (AO),IT
APA,Denver,US
APF,Naples,US
APG,Aberdeen,US
API,Apiay,CO
APJ,Burang Town,CN
APL,Nampula,MZ
APN,Alpena,US
APO,Carepa,CO
APW,Apia,WS
APZ,Zapala,AR
AQA,Araraquara,BR
AQG,Anqing,CN
AQI,Qaisumah,SA
AQJ,Aqaba,JO
AQP,Arequipa,PE
ARA,New Iberia,US
ARC,Arctic Village,US
ARE,Arecibo,PR
ARH,Archangelsk,RU
ARI,Arica,CL
ARK,Arusha,TZ
ARM,Armidale,AU
ARN,Stockholm,SE
ART,Watertown,US
ARU,Araçatuba,BR
ARW,Arad,RO
ARX,Aracati,BR
ARY,Ararat,AU
ASA,Assab,ER
ASB,Ashgabat,TM
ASD,Andros Town,BS
ASE,Aspen,US
ASF,Astrakhan,RU
ASI,Cat Hill,SH
ASJ,Amami,JP
ASK,Yamoussoukro,CI
ASM,Asmara,ER
ASO,Asosa,ET
ASP,Alice Springs,AU
ASR,Kayseri,TR
AST,Astoria,US
ASU,Asunción,PY
ASV,Amboseli National Park,KE
ASW,Aswan,EG
ATA,Anta,PE
ATC,Arthur's Town,BS
ATF,Ambato,EC
ATG,Kamra,PK
ATH,Spata-Artemida,GR
ATK,Atqasuk,US
ATL,Atlanta,US
ATM,Altamira,BR
ATQ,Amritsar,IN
ATR,Atar,MR
ATW,Appleton,US
ATY,Watertown,US
ATZ,Asyut,EG
AUA,Oranjestad,AW
AUC,Arauca,CO
AUF,"Appoigny, Yonne",FR
AUG,Augusta,US
AUH,Abu Dhabi,AE
AUQ,Hiva Oa Island,PF
AUR,Aurillac,FR
AUS,Austin,US
AUW,Wausau,US
AUX,Araguaína,BR
AVA,Anshun (Xixiu),CN
AVB,Aviano (PN),IT
AVI,Ciro Redondo,CU
AVK,Arvaikheer,MN
AVL,Asheville,US
AVN,"Avignon, Vaucluse",FR
AVP,Wilkes-Barre/Scranton,US
AVR,Vila Franca de Xira,PT
AVV,Lara,AU
AWA,Hawassa,ET
AWK,Wake Island,UM
AWZ,Ahvaz,IR
AXA,The Valley,AI
AXD,Alexandroupolis,GR
AXF,Bayanhot,CN
AXK,Ataq,YE
AXM,Armenia,CO
AXN,Alexandria,US
AXP,Spring Point,BS
AXT,Akita,JP
AXU,Axum,ET
AYJ,Faizabad,IN
AYO,Ayolas,PY
AYP,Ayacucho,PE
AYQ,Yulara,AU
AYT,Antalya,TR
AYX,Atalaya,PE
AZA,Mesa,US
AZD,Yazd,IR
AZI,Abu Dhabi,AE
AZN,Andizhan,UZ
AZO,Kalamazoo,US
AZR,Adrar,DZ
AZS,Samana,DO
BAB,Beale Air Force Base,US
BAD,Bossier City,US
BAF,Westfield,US
BAG,Baguio,PH
BAH,Manama,BH
BAI,Punta Arenas,CR
BAL,Batman,TR
BAQ,Barranquilla,CO
BAR,Qionghai (Basuo),CN
BAT,Barretos,BR
BAV,Baotou,CN
BAX,Barnaul,RU
BAY,Tăuții-Măgherăuș,RO
BBA,Balmaceda,CL
BBD,Brady,US
BBI,Bhubaneswar,IN
BBK,Kasane,BW
BBM,Battambang,KH
BBN,Bario,MY
BBO,Berbera,SO
BBQ,Codrington,AG
BBS,"Camberley, Surrey",GB
BBT,Berbérati,CF
BBU,Bucharest,RO
BCA,Baracoa,CU
BCD,Bacolod City,PH
BCE,Bryce Canyon,US
BCH,Baucau,TL
BCI,Barcaldine,AU
BCL,Pococi,CR
BCM,Bacău,RO
BCN,Barcelona,ES
BCQ,Brak,LY
BCT,Boca Raton,US
BCU,Bauchi,NG
BCW,Benguera Island,MZ
BDA,Hamilton,BM
BDB,Bundaberg,AU
BDE,Baudette,US
BDH,Bandar Lengeh,IR
BDJ,Landasan Ulin,ID
BDL,Hartford,US
BDM,Bandırma,TR
BDO,Bandung,ID
BDQ,Vadodara,IN
BDR,Bridgeport,US
BDS,Brindisi,IT
BDT,Gbadolite,CD
BDU,Målselv,NO
BEB,Balivanich,GB
BED,Bedford,US
BEF,Bluefileds,NI
BEG,Belgrade,RS
BEJ,Tanjung Redeb - Borneo Island,ID
BEK,Bareilly,IN
BEL,Belém,BR
BEN,Benina,LY
BEP,Bellary,IN
BEQ,"Bury Saint Edmunds, Suffolk",GB
BER,Berlin,DE
BES,Brest/Guipavas,FR
BET,Bethel,US
BEU,Bedourie,AU
BEW,Beira,MZ
BEX,"Wallingford, Oxfordshire",GB
BEY,Beirut,LB
BFD,Bradford,US
BFF,Scottsbluff,US
BFH,Curitiba,BR
BFI,Seattle,US
BFJ,Bijie,CN
BFK,Aurora,US
BFL,Bakersfield,US
BFM,Mobile,US
BFN,Bloemfontain,ZA
BFO,Chiredzi,ZW
BFP,Beaver Falls,US
BFS,Belfast,GB
BFU,Bengbu,CN
BFV,Buriram,TH
BFX,Bafoussam,CM
BGA,Bucaramanga,CO
BGC,Bragança,PT
BGF,Bangui,CF
BGI,Bridgetown,BB
BGM,Binghamton,US
BGN,Belaya Gora,RU
BGO,Bergen,NO
BGR,Bangor,US
BGW,Baghdad,IQ
BGX,Bagé,BR
BGY,Orio al Serio (BG),IT
BGZ,Braga,PT
BHB,Bar Harbor,US
BHD,Belfast,GB
BHE,Blenheim,NZ
BHH,Bisha,SA
BHI,Bahía Blanca,AR
BHJ,Bhuj,IN
BHK,Bukhara,UZ
BHM,Birmingham,US
BHO,Bhopal,IN
BHQ,Broken Hill,AU
BHS,Bathurst,AU
BHU,Bhavnagar,IN
BHV,Bahawalpur,PK
BHX,"Birmingham, West Midlands",GB
BHY,Beihai (Yinhai),CN
BIA,Bastia/Poretta,FR
BIF,Fort Bliss/El Paso,US
BIG,Delta Junction Ft Greely,US
BIH,Bishop,US
BIK,Biak,ID
BIL,Billings,US
BIM,South Bimini,BS
BIO,Bilbao,ES
BIQ,Biarritz/Anglet/Bayonne,FR
BIR,Biratnagar,NP
BIS,Bismarck,US
BIX,Biloxi,US
BIY,Bisho,ZA
BJA,Béjaïa,DZ
BJB,Bojnord,IR
BJC,Denver,US
BJF,Båtsfjord,NO
BJI,Bemidji,US
BJL,Yundum,GM
BJM,Bujumbura,BI
BJO,Bermejo,BO
BJR,Bahir Dar,ET
BJV,Bodrum,TR
BJX,Silao,MX
BJY,Zemun,RS
BJZ,Badajoz,ES
BKA,Baykit,RU
BKB,Bikaner,IN
BKE,Baker City,US
BKG,Branson,US
BKH,Kekaha,US
BKI,Kota Kinabalu,MY
BKK,Bangkok,TH
BKL,Cleveland,US
BKO,Bamako,ML
BKQ,Blackall,AU
BKS,Bengkulu,ID
BKW,Beaver,US
BKY,Kamakombe,CD
BLA,Barcelona,VE
BLD,Boulder City,US
BLE,Borlange,SE
BLF,Bluefield,US
BLH,Blythe,US
BLI,Bellingham,US
BLJ,Batna,DZ
BLK,Blackpool,GB
BLL,Billund,DK
BLN,Benalla,AU
BLQ,Bologna,IT
BLR,Bangalore,IN
BLV,Belleville,US
BLZ,Blantyre,MW
BMA,Stockholm,SE
BME,Broome,AU
BMG,Bloomington,US
BMI,Bloomington/Normal,US
BMM,Bitam,GA
BMV,Buon Ma Thuot,VN
BNA,Nashville,US
BND,Bandar Abbas,IR
BNE,Brisbane,AU
BNI,Benin,NG
BNK,Ballina,AU
BNN,Brønnøy,NO
BNO,Burns,US
BNS,Barinas,VE
BNX,Mahovljani,BA
BOB,Motu Mute,PF
BOC,Isla Colón,PA
BOD,Bordeaux/Mérignac,FR
BOG,Bogota,CO
BOH,"Christchurch, Dorset",GB
BOI,Boise,US
BOJ,Burgas,BG
BOM,Mumbai,IN
BON,Kralendijk,BQ
BOO,Bodø,NO
BOR,Ton Phueng,LA
BOS,Boston,US
BOU,"Bourges, Cher",FR
BOY,Bobo Dioulasso,BF
BPC,Bamenda,CM
BPE,Qinhuangdao (Changli),CN
BPG,Barra do Garças,BR
BPH,Bislig,PH
BPI,Big Piney,US
BPL,Bole,CN
BPM,Hyderabad,IN
BPN,Balikpapan,ID
BPS,Porto Seguro,BR
BPT,Beaumont/Port Arthur,US
BPX,Bangda,CN
BPY,Besalampy,MG
BQA,Baler,PH
BQH,London,GB
BQK,Brunswick,US
BQN,Aguadilla,PR
BQS,Blagoveschensk,RU
BQT,Brest,BY
BQU,Bequia,VC
BRC,San Carlos de Bariloche,AR
BRD,Brainerd,US
BRE,Bremen,DE
BRI,Bari,IT
BRL,Burlington,US
BRM,Barquisimeto,VE
BRN,Bern,CH
BRO,Brownsville,US
BRQ,Brno,CZ
BRR,Eoligarry,GB
BRS,Bristol,GB
BRT,Wurrumiyanga,AU
BRU,Zaventem,BE
BRW,Utqiaġvik,US
BRX,Barahona,DO
BSB,Brasília,BR
BSC,Bahía Solano,CO
BSD,Baoshan (Longyang),CN
BSG,Bata,GQ
BSJ,Bairnsdale,AU
BSK,Biskra,DZ
BSL,Saint-Louis,FR
BSO,Basco,PH
BSR,Basra,IQ
BTC,Batticaloa,LK
BTH,Batam,ID
BTI,Barter Island,US
BTJ,Banda Aceh,ID
BTK,Bratsk,RU
BTL,Battle Creek,US
BTM,Butte,US
BTR,Baton Rouge,US
BTS,Bratislava,SK
BTU,Bintulu,MY
BTV,South Burlington,US
BTZ,Betong,TH
BUA,Buka Island,PG
BUD,Budapest,HU
BUF,Buffalo,US
BUG,Benguela,AO
BUJ,Ouled Sidi Brahim,DZ
BUN,Buenaventura,CO
BUQ,Bulawayo,ZW
BUR,Burbank,US
BUS,Batumi,GE
BUX,Bunia,CD
BUZ,Bushehr,IR
BVA,Tillé,FR
BVB,Boa Vista,BR
BVC,Rabil,CV
BVE,Brive la Gaillarde,FR
BVG,Berlevåg,NO
BVH,Vilhena,BR
BVJ,Bovanenkovo,RU
BVY,Beverly / Danvers,US
BWA,Siddharthanagar (Bhairahawa),NP
BWE,Braunschweig,DE
BWF,Barrow-in-Furness,GB
BWG,Bowling Green,US
BWH,Butterworth,MY
BWI,Baltimore,US
BWK,Gornji Humac,HR
BWN,Bandar Seri Begawan,BN
BWO,Balakovo,RU
BWT,Burnie,AU
BWU,Sydney,AU
BXB,Babo,ID
BXE,Bakel,SN
BXH,Balkhash,KZ
BXR,Bam,IR
BXU,Butuan,PH
BXY,Baikonur,KZ
BYC,Yacuíba,BO
BYH,Blytheville,US
BYI,Burley,US
BYJ,Beja,PT
BYK,Bouaké,CI
BYM,Bayamo,CU
BYN,Bayankhongor,MN
BYS,Fort Irwin/Barstow,US
BYU,Bindlach,DE
BZB,Bazaruto Island,MZ
BZC,Cabo Frio,BR
BZE,Belize City,BZ
BZG,Bydgoszcz,PL
BZI,Balıkesir,TR
BZK,Bryansk,RU
BZL,Barisal,BD
BZN,Bozeman,US
BZO,Bolzano (BZ),IT
BZR,Béziers/Vias,FR
BZU,Buta,CD
BZV,Brazzaville,CG
BZY,Bălți,MD
BZZ,"Carterton, Oxfordshire",GB
CAB,Cabinda,AO
CAC,Cascavel,BR
CAE,Columbia,US
CAG,Cagliari,IT
CAH,Ca Mau City,VN
CAI,Cairo,EG
CAJ,Canaima,VE
CAK,Akron,US
CAL,Campbeltown,GB
CAN,Guangzhou (Huadu),CN
CAP,Cap Haitien,HT
CAQ,Caucasia,CO
CAR,Caribou,US
CAT,Cascais,PT
CAW,Campos Dos Goytacazes,BR
CAX,Carlisle,GB
CAY,Matoury,GF
CBB,Cochabamba,BO
CBD,IAF Camp,IN
CBG,"Cambridge, Cambridgeshire",GB
CBH,Béchar,DZ
CBJ,Cabo Rojo,DO
CBL,Ciudad Bolivar,VE
CBM,Columbus,US
CBO,Datu Odin Sinsuat,PH
CBP,Coimbra,PT
CBQ,Calabar,NG
CBR,Canberra,AU
CBT,Catumbela,AO
CBV,Coban,GT
CCC,Cayo Coco,CU
CCE,New Cairo,EG
CCF,Carcassonne/Salvaza,FR
CCH,Chile Chico,CL
CCJ,Calicut,IN
CCK,West Island,CC
CCL,Chinchilla,AU
CCM,Criciúma,BR
CCP,Concepcion,CL
CCR,Concord,US
CCS,Maiquetía,VE
CCU,Kolkata,IN
CCY,Charles City,US
CCZ,Chub Cay,BS
CDB,Cold Bay,US
CDC,Cedar City,US
CDE,Chengde,CN
CDG,"Paris (Roissy-en-France, Val-d'Oise)",FR
CDJ,Conceição do Araguaia,BR
CDP,Kadapa,IN
CDR,Chadron,US
CDS,Childress,US
CDT,Castellón de la Plana,ES
CDU,Cobbitty,AU
CDV,Cordova,US
CEB,Lapu-Lapu City,PH
CEC,Crescent City,US
CEE,Cherepovets,RU
CEF,Chicopee,US
CEG,Broughton,GB
CEI,Chiang Rai,TH
CEK,Chelyabinsk,RU
CEN,Ciudad Obregón,MX
CEQ,"Cannes, Alpes-Maritimes",FR
CER,"Gonneville-Le Theil, Manche",FR
CEW,Crestview,US
CEZ,Cortez,US
CFE,"Aulnat, Puy-de-Dôme",FR
CFG,Cienfuegos,CU
CFK,Chlef,DZ
CFN,Donegal,IE
CFR,"Carpiquet, Calvados",FR
CFS,Coffs Harbour,AU
CFU,Kerkyra (Corfu),GR
CGB,Cuiabá,BR
CGD,Changde (Dingcheng),CN
CGF,Cleveland,US
CGH,São Paulo,BR
CGI,Cape Girardeau,US
CGJ,Chingola,ZM
CGK,Jakarta,ID
CGM,Mambajao,PH
CGN,Köln (Cologne),DE
CGO,Zhengzhou,CN
CGP,Chattogram (Chittagong),BD
CGQ,Changchun,CN
CGR,Campo Grande,BR
CGY,Laguindingan,PH
CHA,Chattanooga,US
CHC,Christchurch,NZ
CHG,"Shuangta, Chaoyang",CN
CHH,Chachapoyas,PE
CHM,Chimbote,PE
CHO,Charlottesville,US
CHQ,Souda,GR
CHR,"Déols, Indre",FR
CHS,Charleston,US
CHT,Te One,NZ
CHX,Changuinola,PA
CIA,Rome,IT
CID,Cedar Rapids,US
CIF,Chifeng,CN
CIJ,Cobija,BO
CIO,Concepción,PY
CIS,Abariringa,KI
CIT,Shymkent,KZ
CIU,Kincheloe,US
CIW,Canouan,VC
CIX,Chiclayo,PE
CIY,Comiso,IT
CJA,Cajamarca,PE
CJB,Coimbatore,IN
CJC,Calama,CL
CJJ,Cheongju,KR
CJL,Chitral,PK
CJM,Chumphon,TH
CJS,Ciudad Juárez,MX
CJU,Jeju City,KR
CKB,Bridgeport,US
CKC,Cherkasy,UA
CKG,Chongqing,CN
CKH,Chokurdah,RU
CKL,Moscow,RU
CKS,Parauapebas,BR
CKT,Sarakhs,IR
CKY,Conakry,GN
CKZ,Çanakkale,TR
CLD,Carlsbad,US
CLE,Cleveland,US
CLJ,Cluj-Napoca,RO
CLL,College Station,US
CLM,Port Angeles,US
CLN,Carolina,BR
CLO,Cali,CO
CLQ,Colima,MX
CLT,Charlotte,US
CLU,Columbus,US
CLY,Calvi/Sainte-Catherine,FR
CLZ,Guarico,VE
CMB,Colombo,LK
CME,Ciudad del Carmen,MX
CMF,Viviers-du-Lac,FR
CMG,Corumbá,BR
CMH,Columbus,US
CMI,Savoy,US
CMN,Casablanca,MA
CMR,"Colmar, Haut-Rhin",FR
CMU,Kundiawa,PG
CMW,Camaguey,CU
CMX,Hancock,US
CND,Mihail Kogălniceanu,RO
CNF,Belo Horizonte,BR
CNG,Cognac/Châteaubernard,FR
CNI,Dalian (Changhai),CN
CNJ,Cloncurry,AU
CNL,Sindal,DK
CNM,Carlsbad,US
CNN,Kannur,IN
CNQ,Corrientes,AR
CNR,Chañaral,CL
CNS,Cairns,AU
CNU,Chanute,US
CNX,Chiang Mai,TH
CNY,Moab,US
COC,Concordia,AR
COD,Cody,US
COE,Coeur d'Alene,US
COF,Cocoa Beach,US
COK,Kochi,IN
CON,Concord,US
COO,Cotonou,BJ
COR,Cordoba,AR
COS,Colorado Springs,US
COU,Columbia,US
COV,Tarsus,TR
CPC,Chapelco/San Martin de los Andes,AR
CPD,Coober Pedy,AU
CPE,Campeche,MX
CPH,Copenhagen,DK
CPO,Copiapo,CL
CPR,Casper,US
CPT,Cape Town,ZA
CPV,Campina Grande,BR
CPX,Culebra,PR
CQD,Shahrekord,IR
CQF,Marck,FR
CQM,Ciudad Real,ES
CQW,Wulong,CN
CRA,Craiova,RO
CRC,Cartago,CO
CRD,Comodoro Rivadavia,AR
CRE,North Myrtle Beach,US
CRG,Jacksonville,US
CRI,Colonel Hill,BS
CRK,Mabalacat,PH
CRL,Charleroi,BE
CRM,Catarman,PH
CRP,Corpus Christi,US
CRQ,Caravelas,BR
CRV,Isola di Capo Rizzuto (KR),IT
CRW,Charleston,US
CRZ,Türkmenabat,TM
CSB,Caransebeş,RO
CSF,Creil,FR
CSG,Columbus,US
CSK,Cap Skirring,SN
CSV,Crossville,US
CSX,Changsha (Changsha),CN
CSY,Cheboksary,RU
CTA,Catania,IT
CTB,Cut Bank,US
CTC,Catamarca,AR
CTD,Chitré,PA
CTG,Cartagena,CO
CTL,Charleville,AU
CTM,Chetumal,MX
CTS,Sapporo,JP
CTT,"Le Castellet, Var",FR
CTU,Chengdu (Shuangliu),CN
CUB,Columbia,US
CUC,Cúcuta,CO
CUE,Cuenca,EC
CUF,Levaldigi (CN),IT
CUK,Caye Caulker,BZ
CUL,Culiacán,MX
CUN,Cancún,MX
CUP,Carúpano,VE
CUQ,Coen,AU
CUR,Willemstad,CW
CUT,Cutral-Co,AR
CUU,Chihuahua,MX
CUZ,Cusco,PE
CVE,Coveñas,CO
CVG,Cincinnati / Covington,US
CVJ,Temixco,MX
CVM,Ciudad Victoria,MX
CVN,Clovis,US
CVO,Corvallis,US
CVQ,Carnarvon,AU
CVS,Clovis,US
CVT,"Coventry, West Midlands",GB
CWA,Mosinee,US
CWB,Curitiba,BR
CWC,Chernivtsi,UA
CWJ,Lincang (Cangyuan),CN
CWL,"Rhoose, Vale of Glamorgan",GB
CXB,Cox's Bazar,BD
CXI,Kiritimati,KI
CXJ,Caxias Do Sul,BR
CXO,Houston,US
CXP,Cilacap,ID
CXR,Cam Ranh,VN
CYA,Les Cayes,HT
CYB,West End,KY
CYC,Caye Chapel,BZ
CYI,Shuishang,TW
CYO,Cayo Largo del Sur,CU
CYP,Calbayog City,PH
CYS,Cheyenne,US
CYW,Celaya,MX
CYX,Cherskiy,RU
CYZ,Cauayan City,PH
CZE,Coro,VE
CZF,Cape Romanzof,US
CZH,Corozal,BZ
CZL,Constantine,DZ
CZM,Cozumel,MX
CZS,Cruzeiro Do Sul,BR
CZU,Corozal,CO
CZX,Changzhou,CN
DAA,Fort Belvoir,US
DAB,Daytona Beach,US
DAC,Dhaka,BD
DAD,Da Nang,VN
DAG,Daggett,US
DAL,Dallas,US
DAM,Damascus,SY
DAN,Danville,US
DAR,Dar es Salaam,TZ
DAU,Daru,PG
DAV,David,PA
DAY,Dayton,US
DBB,El Alamein,EG
DBC,Baicheng,CN
DBO,Dubbo,AU
DBQ,Dubuque,US
DBR,Darbhanga,IN
DBV,Čilipi,HR
DCA,Washington,US
DCF,Canefield,DM
DCI,Decimomannu,IT
DCM,Castres/Mazamet,FR
DCN,Derby,AU
DCT,Duncan Town,BS
DCY,Garzê (Daocheng),CN
DDC,Dodge City,US
DDG,Dandong (Zhenxing),CN
DDR,Xigazê (Dingri),CN
DEA,Dera Ghazi Khan,PK
DEB,Debrecen,HU
DEC,Decatur,US
DED,Dehradun (Jauligrant),IN
DEF,Dezful,IR
DEL,New Delhi,IN
DEN,Denver,US
DET,Detroit,US
DEZ,Deir ez-Zor,SY
DFW,Dallas-Fort Worth,US
DGA,Dangriga,BZ
DGE,Mudgee,AU
DGO,Durango,MX
DGT,Dumaguete City,PH
DHA,Dhahran,SA
DHM,Kangra,IN
DHN,Dothan,US
DHR,Den Helder,NL
DHT,Dalhart,US
DHX,Kediri,ID
DIA,Doha,QA
DIB,Dibrugarh,IN
DIE,Antisiranana,MG
DIG,Diqing (Shangri-La),CN
DIJ,"Ouges, Côte-d'Or",FR
DIK,Dickinson,US
DIL,Dili,TL
DIN,Dien Bien Phu,VN
DIR,Dire Dawa,ET
DIS,Dolisie,CG
DIY,Diyarbakır,TR
DJE,Mellita,TN
DJG,Djanet,DZ
DJJ,Sentani,ID
DKR,Dakar,SN
DKS,Dikson,RU
DLA,Douala,CM
DLC,Dalian (Ganjingzi),CN
DLE,"Tavaux, Jura",FR
DLF,Del Rio,US
DLG,Dillingham,US
DLH,Duluth,US
DLI,Da Lat,VN
DLM,Dalaman,TR
DLS,Dallesport / The Dalles,US
DLU,Dali (Xiaguan),CN
DLZ,Dalanzadgad,MN
DMA,Tucson,US
DMB,Taraz,KZ
DME,Moscow,RU
DMK,Bangkok,TH
DMM,Ad Dammam,SA
DMN,Deming,US
DMU,Dimapur,IN
DNA,Okinawa,JP
DND,Dundee,GB
DNH,Dunhuang,CN
DNK,Dnipro,UA
DNL,Augusta,US
DNQ,Deniliquin,AU
DNR,"Pleurtuit, Ille-et-Vilaine",FR
DNZ,Denizli,TR
DOD,Dodoma,TZ
DOG,Dongola,SD
DOH,Doha,QA
DOL,"Deauville, Calvados",FR
DOM,Marigot,DM
DOV,Dover,US
DOY,Dongying (Kenli),CN
DPA,Chicago/West Chicago,US
DPL,Dipolog,PH
DPO,Devonport,AU
DPS,"Kuta, Badung",ID
DQM,Duqm,OM
DRA,Mercury,US
DRB,Derby,AU
DRG,Deering,US
DRI,DeRidder,US
DRO,Durango,US
DRP,Legazpi,PH
DRS,Dresden,DE
DRT,Del Rio,US
DRW,Darwin,AU
DSI,Destin,US
DSK,Dera Ismael Khan,PK
DSM,Des Moines,US
DSN,Ordos,CN
DSO,Sŏndŏng-ni,KP
DSS,Dakar,SN
DTE,Daet,PH
DTM,Dortmund,DE
DTU,Heihe,CN
DTW,Detroit,US
DUA,Durant,US
DUB,Dublin,IE
DUD,Dunedin,NZ
DUE,Chitato,AO
DUG,Douglas Bisbee,US
DUJ,Dubois,US
DUM,Dumai,ID
DUR,Durban,ZA
DUS,Düsseldorf,DE
DUT,Unalaska,US
DVL,Devils Lake,US
DVO,Davao,PH
DWA,Dwangwa,MW
DWC,Jebel Ali,AE
DWD,Dawadmi,SA
DXB,Dubai,AE
DXR,Danbury,US
DYR,Anadyr,RU
DYS,Abilene,US
DYU,Dushanbe,TJ
DZA,Dzaoudzi,YT
DZH,Dazhou (Dachuan),CN
DZN,Zhezkazgan,KZ
DZO,Durazno,UY
EAM,Najran,SA
EAR,Kearney,US
EAS,Hondarribia,ES
EAT,Wenatchee,US
EAU,Eau Claire,US
EBA,Campo nell'Elba (LI),IT
EBB,Kampala,UG
EBD,El-Obeid,SD
EBG,El Bagre,CO
EBJ,Esbjerg,DK
EBL,Arbil,IQ
EBM,El Borma,TN
EBU,"Andrézieux-Bouthéon, Loire",FR
ECG,Elizabeth City,US
ECN,Tymbou (Kirklar),CY
ECP,Panama City Beach,US
EDF,Anchorage,US
EDI,Edinburgh,GB
EDL,Eldoret,KE
EDM,La Roche-sur-Yon/Les Ajoncs,FR
EDO,Edremit,TR
EDW,Edwards,US
EEA,Correia Pinto,BR
EED,Needles,US
EEN,Keene,US
EES,Berenice Troglodytica,EG
EFD,Houston,US
EFL,Kefallinia Island,GR
EGC,Bergerac/Roumanière,FR
EGE,Eagle,US
EGH,El Jora,EG
EGI,Crestview,US
EGO,Belgorod,RU
EGS,Egilsstaðir,IS
EGX,Egegik,US
EHL,El Bolsón,AR
EHM,Cape Newenham,US
EHU,Ezhou,CN
EIB,Hörselberg-Hainich,DE
EIE,Yeniseysk,RU
EIK,Yeysk,RU
EIL,Fairbanks,US
EIN,Eindhoven,NL
EIS,Beef Island,VG
EJA,Barrancabermeja,CO
EJH,Al Wajh,SA
EKA,Eureka,US
EKB,Ekibastuz,KZ
EKN,Elkins,US
EKO,Elko,US
EKT,Eskilstuna,SE
ELB,El Banco,CO
ELC,Elcho Island,AU
ELD,El Dorado,US
ELF,El Fasher,SD
ELG,El Menia,DZ
ELH,North Eleuthera,BS
ELM,Elmira/Corning,US
ELP,El Paso,US
ELQ,Buraidah,SA
ELS,East London,ZA
ELU,Guemar,DZ
ELY,Ely,US
EMA,Nottingham,GB
EMD,Emerald,AU
EMK,Emmonak,US
EML,Emmen,CH
ENA,Kenai,US
ENC,"Tomblaine, Meurthe-et-Moselle",FR
END,Enid,US
ENF,Enontekio,FI
ENH,Enshi (Enshi),CN
ENK,Enniskillen,GB
ENN,Nenana,US
ENO,Encarnación,PY
ENS,Enschede,NL
ENU,Enegu,NG
ENV,Wendover,US
ENW,Kenosha,US
ENY,Yan'an (Baota),CN
EOH,Medellín,CO
EOI,Eday,GB
EOR,Bolivar,VE
EPA,El Palomar,AR
EPL,"Juvaincourt, Vosges",FR
EPR,Esperance,AU
EPU,Pärnu,EE
EQS,Esquel,AR
ERC,Erzincan,TR
ERD,Berdyansk,UA
ERF,Erfurt,DE
ERH,Errachidia,MA
ERI,Erie,US
ERL,Erenhot,CN
ERS,Windhoek,NA
ERZ,Erzurum,TR
ESB,Ankara,TR
ESC,Escanaba,US
ESD,Eastsound,US
ESF,Alexandria,US
ESG,Mariscal Estigarribia,PY
ESH,"Brighton, East Sussex",GB
ESK,Eskişehir,TR
ESL,Elista,RU
ESM,Tachina,EC
ESR,El Salvador,CL
ESU,Essaouira,MA
ETM,Eilat,IL
ETR,Santa Rosa,EC
ETZ,Goin,FR
EUG,Eugene,US
EUN,El Aaiún,EH
EUQ,San Jose,PH
EUX,Oranjestad,BQ
EVE,Evenes,NO
EVN,Yerevan,AM
EVV,Evansville,US
EVW,Evanston,US
EVX,"Fauville, Eure",FR
EWB,New Bedford,US
EWN,New Bern,US
EWR,Newark,US
EXT,"Exeter, Devon",GB
EYP,Yopal,CO
EYW,Key West,US
EZE,Buenos Aires (Ezeiza),AR
EZS,Elazığ,TR
FAB,"Farnborough, Hampshire",GB
FAE,Vágar,FO
FAF,Newport News (Fort Eustis),US
FAI,Fairbanks,US
FAO,Faro,PT
FAR,Fargo,US
FAT,Fresno,US
FAY,Fayetteville,US
FAZ,Fasa,IR
FBG,Fort Bragg,US
FBK,Fairbanks,US
FBM,Lubumbashi,CD
FCA,Kalispell,US
FCB,Ficksburg,ZA
FCN,Wurster Nordseeküste,DE
FCO,Rome,IT
FCS,Fort Carson,US
FDF,Fort-de-France,MQ
FDH,Friedrichshafen,DE
FDU,Bandundu,CD
FDY,Findlay,US
FEG,Fergana,UZ
FEN,Fernando de Noronha,BR
FEZ,Saïss,MA
FFD,"Fairford, Gloucestershire",GB
FFO,Dayton,US
FGU,Fangatau,PF
FHU,Fort Huachuca / Sierra Vista,US
FIH,Kinshasa,CD
FJR,Fujairah,AE
FKB,Rheinmünster,DE
FKI,Kisangani,CD
FKJ,Fukui,JP
FKL,Franklin,US
FKQ,Fakfak,ID
FKS,Sukagawa,JP
FLA,Florencia,CO
FLG,Flagstaff,US
FLL,Fort Lauderdale,US
FLN,Florianópolis,BR
FLO,Florence,US
FLR,Firenze (FI),IT
FLW,Santa Cruz das Flores,PT
FLZ,Sibolga (Pinangsori),ID
FMA,Formosa,AR
FME,Fort Meade(Odenton),US
FMI,Kalemie,CD
FMM,Memmingen,DE
FMN,Farmington,US
FMO,Greven,DE
FMY,Fort Myers,US
FNA,Freetown (Lungi-Town),SL
FNB,Trollenhagen,DE
FNC,Funchal,PT
FNI,Nîmes/Garons,FR
FNJ,Pyongyang,KP
FNL,Loveland,US
FNT,Flint,US
FOC,Fuzhou (Changle),CN
FOD,Fort Dodge,US
FOE,Topeka,US
FOG,Foggia (FG),IT
FOM,Foumban,CM
FOR,Fortaleza,BR
FPO,Freeport,BS
FPR,Fort Pierce,US
FRA,Frankfurt am Main,DE
FRB,Forbes,AU
FRD,Friday Harbor,US
FRG,Farmingdale,US
FRI,Fort Riley (Junction City),US
FRL,Forlì (FC),IT
FRO,Florø,NO
FRS,San Benito,GT
FRU,Bishkek,KG
FRW,Francistown,BW
FRZ,Fritzlar,DE
FSC,Figari Sud-Corse,FR
FSD,Sioux Falls,US
FSI,Fort Sill,US
FSM,Fort Smith,US
FSP,Saint-Pierre,PM
FST,Fort Stockton,US
FSZ,Makinohara / Shimada,JP
FTE,El Calafate,AR
FTK,Fort Knox,US
FTU,Tôlanaro,MG
FTW,Fort Worth,US
FTX,Owando,CG
FTY,Atlanta,US
FUE,El Matorral,ES
FUG,"Yingzhou, Fuyang",CN
FUJ,Goto,JP
FUK,Fukuoka,JP
FUN,Funafuti,TV
FUO,Foshan (Nanhai),CN
FWA,Fort Wayne,US
FWH,Fort Worth,US
FXE,Fort Lauderdale,US
FYJ,Fuyuan,CN
FYN,Fuyun,CN
FYT,Faya-Largeau,TD
FYU,Fort Yukon,US
FYV,Fayetteville,US
GAE,Gabès,TN
GAF,Gafsa,TN
GAJ,Higashine,JP
GAL,Galena,US
GAM,Gambell,US
GAN,Gan,MV
GAO,Guantánamo,CU
GAU,Guwahati,IN
GAY,Gaya,IN
GBB,Gabala,AZ
GBE,Gaborone,BW
GBJ,Grand-Bourg,GP
GBT,Gorgan,IR
GCC,Gillette,US
GCH,Gachsaran,IR
GCI,Saint Peter Port,GG
GCJ,Midrand,ZA
GCK,Garden City,US
GCM,George Town,KY
GCN,Grand Canyon - Tusayan,US
GDB,Gondia,IN
GDE,Gode,ET
GDL,Guadalajara,MX
GDN,Gdańsk,PL
GDO,Guasdualito,VE
GDQ,Azezo,ET
GDT,Cockburn Town,TC
GDV,Glendive,US
GDX,Magadan,RU
GDZ,Gelendzhik,RU
GEA,Nouméa,NC
GEC,Lefkoniko (Geçitkale),CY
GEG,Spokane,US
GEL,Santo Ângelo,BR
GEO,Georgetown,GY
GER,Nueva Gerona,CU
GES,General Santos,PH
GET,Moonyoonooka,AU
GEV,Gällivare,SE
GFF,Griffith,AU
GFK,Grand Forks,US
GFL,Glens Falls,US
GFN,Grafton,AU
GFR,"Bréville-sur-Mer, Manche",FR
GFY,Grootfontein,NA
GGG,Longview,US
GGT,Moss Town,BS
GGW,Glasgow,US
GHA,El Atteuf,DZ
GHB,Governor's Harbour,BS
GHC,Bullocks Harbour,BS
GHT,Ghat,LY
GHU,Gualeguaychu,AR
GHV,Brașov (Ghimbav),RO
GIB,Gibraltar,GI
GIG,Rio De Janeiro,BR
GIL,Gilgit,PK
GIR,Girardot,CO
GIS,Gisborne,NZ
GIZ,Jizan,SA
GJA,Guanaja,HN
GJL,Tahir,DZ
GJM,Guajará-Mirim,BR
GJT,Grand Junction,US
GKA,Goronka,PG
GKE,Geilenkirchen,DE
GKN,Gulkana,US
GLA,"Paisley, Renfrewshire",GB
GLD,Goodland,US
GLF,Golfito,CR
GLH,Greenville,US
GLI,Glen Innes,AU
GLO,Staverton,GB
GLS,Galveston,US
GLT,Gladstone,AU
GLU,Gelephu,BT
GLZ,Rijen,NL
GMA,Gemena,CD
GMB,Gambela,ET
GME,Gomel,BY
GMO,Gombe,NG
GMP,Seoul,KR
GMQ,Golog (Maqên),CN
GMU,Greenville,US
GNA,Hrodna,BY
GNB,"Saint-Étienne-de-Saint-Geoirs, Isère",FR
GND,Saint George's,GD
GNJ,Ganja,AZ
GNS,Gunungsitoli,ID
GNV,Gainesville,US
GNY,Şanlıurfa,TR
GOA,Genova (GE),IT
GOH,Nuuk,GL
GOI,Vasco da Gama,IN
GOJ,Nizhny Novgorod,RU
GOM,Goma,CD
GON,Groton,US
GOP,Gorakhpur,IN
GOQ,Golmud,CN
GOT,Göteborg,SE
GOU,Garoua,CM
GOV,Nhulunbuy,AU
GOX,Mopa,IN
GOZ,Gorna Oryahovitsa,BG
GPA,Patras,GR
GPI,Guapi,CO
GPL,Pococi,CR
GPN,Pirlangimpi,AU
GPO,General Pico,AR
GPT,Gulfport,US
GRB,Green Bay,US
GRF,Fort Lewis/Tacoma,US
GRI,Grand Island,US
GRJ,George,ZA
GRK,Fort Cavazos,US
GRO,Girona,ES
GRQ,Groningen,NL
GRR,Grand Rapids,US
GRS,Grosseto (GR),IT
GRU,São Paulo,BR
GRV,Grozny,RU
GRW,Santa Cruz da Graciosa,PT
GRX,Granada,ES
GRZ,Feldkirchen bei Graz,AT
GSB,Goldsboro,US
GSE,Göteborg,SE
GSJ,Puerto San José,GT
GSO,Greensboro,US
GSP,Greer,US
GST,Gustavus,US
GSV,Saratov,RU
GTE,Groote Eylandt,AU
GTF,Great Falls,US
GTN,Glentanner Station,NZ
GTR,Columbus/W Point/Starkville,US
GUA,Guatemala City,GT
GUC,Gunnison,US
GUJ,Guaratinguetá,BR
GUM,Hagåtña,GU
GUP,Gallup,US
GUQ,Guanare,VE
GUR,Gurney,PG
GUS,Peru,US
GUW,Atyrau,KZ
GUY,Guymon,US
GVA,Geneva,CH
GVN,Sovetskaya Gavan,RU
GVR,Governador Valadares,BR
GVX,Gävle / Sandviken,SE
GWD,Gurandani,PK
GWE,Gweru,ZW
GWL,Gwalior,IN
GWO,Greenwood,US
GWT,Sylt,DE
GWY,Galway,IE
GXF,Seiyun,YE
GXG,Negage,AO
GXH,Gannan (Xiahe),CN
GXQ,Coyhaique,CL
GYA,Guayaramerín,BO
GYD,Baku,AZ
GYE,Guayaquil,EC
GYG,Magan,RU
GYI,Gisenyi,RW
GYM,Guaymas,MX
GYN,Goiânia,BR
GYS,Guangyuan (Lizhou),CN
GYU,Guyuan (Yuanzhou),CN
GYY,Gary,US
GZP,Gazipaşa,TR
GZT,Gaziantep,TR
GZW,Qazvin,IR
HAC,Hachijojima,JP
HAD,Halmstad,SE
HAH,Moroni,KM
HAJ,Hannover,DE
HAK,Haikou (Meilan),CN
HAM,Hamburg,DE
HAN,Hanoi (Soc Son),VN
HAQ,Haa Dhaalu Atoll,MV
HAS,Ha'il,SA
HAU,Karmøy,NO
HAV,Havana,CU
HAW,Haverfordwest,GB
HBA,Hobart (Cambridge),AU
HBE,Alexandria,EG
HBG,Hattiesburg,US
HBR,Hobart,US
HBX,Hubli,IN
HCJ,Hechi (Jinchengjiang),CN
HCN,Hengchun,TW
HCR,Holy Cross,US
HCZ,Chenzhou,CN
HDF,Zirchow,DE
HDG,Handan,CN
HDM,Hamadan,IR
HDN,Hayden,US
HDY,Hat Yai,TH
HEA,Guzara,AF
HEK,Heihe,CN
HEL,Helsinki (Vantaa),FI
HER,Heraklion,GR
HET,Hohhot,CN
HFA,Haifa,IL
HFD,Hartford,US
HFE,Hefei,CN
HFN,Höfn,IS
HFT,Hammerfest,NO
HGA,Hargeisa,SO
HGH,Hangzhou,CN
HGI,Hollongi,IN
HGN,Mae Hong Son,TH
HGO,Korhogo,CI
HGR,Hagerstown,US
HGU,Mount Hagen,PG
HHE,Hachinohe,JP
HHH,Hilton Head Island,US
HHN,Frankfurt am Main (Lautzenhausen),DE
HHQ,Hua Hin,TH
HHR,Hawthorne,US
HIA,Huai'an,CN
HIB,Hibbing,US
HID,Horn,AU
HIF,Ogden,US
HII,Lake Havasu City,US
HIJ,Hiroshima,JP
HIK,Honolulu,US
HIM,Polonnaruwa Town,LK
HIN,Sacheon,KR
HIO,Portland,US
HIR,Honiara,SB
HJJ,Huaihua,CN
HJR,Khajuraho,IN
HKD,Hakodate,JP
HKG,Hong Kong,HK
HKN,Kimbe,PG
HKT,Phuket,TH
HKY,Hickory,US
HLA,Johannesburg,ZA
HLD,Hailar,CN
HLG,Wheeling,US
HLN,Helena,US
HLP,Jakarta,ID
HLZ,Hamilton,NZ
HMA,Khanty-Mansiysk,RU
HMB,Suhaj,EG
HME,Hassi Messaoud,DZ
HMI,Hami,CN
HMJ,Khmelnytskyi,UA
HMN,Alamogordo,US
HMO,Hermosillo,MX
HNA,Hanamaki,JP
HND,Tokyo,JP
HNL,"Honolulu, Oahu",US
HNM,Hana,US
HNS,Haines,US
HOB,Hobbs,US
HOF,Hofuf,SA
HOG,Holguin,CU
HOI,Otepa,PF
HOM,Homer,US
HON,Huron,US
HOP,Fort Campbell,US
HOQ,Hof,DE
HOR,Horta,PT
HOT,Hot Springs,US
HOU,Houston,US
HOV,Ørsta,NO
HPA,Lifuka,TO
HPG,Shennongjia (Hongping),CN
HPH,Haiphong (Hai An),VN
HPN,White Plains,US
HQL,Tashikuergan,CN
HQM,Hoquiam,US
HRB,Harbin,CN
HRE,Harare,ZW
HRG,Hurghada,EG
HRI,Mattala,LK
HRK,Kharkiv,UA
HRL,Harlingen,US
HRM,Hassi R'Mel,DZ
HRO,Harrison,US
HRS,Harrismith,ZA
HSA,Turkıstan,KZ
HSC,Shaoguan,CN
HSG,Saga,JP
HSL,Huslia,US
HSN,Zhoushan,CN
HSR,Rajkot,IN
HSS,Hisar,IN
HST,Homestead,US
HSV,Huntsville,US
HSZ,Hsinchu City,TW
HTA,Chita,RU
HTG,Khatanga,RU
HTI,Hamilton Island,AU
HTN,Hotan,CN
HTS,Huntington,US
HTT,Mengnai,CN
HTV,Huntsville,US
HTY,Antakya,TR
HUA,Redstone Arsnl Huntsville,US
HUF,Terre Haute,US
HUH,Fare,PF
HUI,Huế,VN
HUL,Houlton,US
HUN,Hualien City,TW
HUO,Holingol,CN
HUT,Hutchinson,US
HUU,Huánuco,PE
HUX,Huatulco,MX
HUY,"Grimsby, Lincolnshire",GB
HUZ,Huizhou (Pingtan),CN
HVA,Analalava,MG
HVB,Hervey Bay,AU
HVD,Khovd,MN
HVG,Honningsvåg,NO
HVN,New Haven,US
HVR,Havre,US
HWN,Gwayi River Farms,ZW
HYA,Hyannis,US
HYD,Hyderabad,IN
HYN,Taizhou (Luqiao),CN
HYR,Hayward,US
HYS,Hays,US
HZA,Heze (Dingtao),CN
HZB,"Merville, Nord",FR
HZH,Liping,CN
HZK,Húsavík,IS
HZU,Chengdu (Jintang),CN
IAA,Igarka,RU
IAB,Wichita,US
IAD,Dulles,US
IAG,Niagara Falls,US
IAH,Houston,US
IAM,In Aménas,DZ
IAN,Kiana,US
IAS,Iaşi,RO
IBA,Ibadan,NG
IBE,Ibagué,CO
IBL,Bazaruto Island,MZ
IBP,Iberia,PE
IBR,Omitama,JP
IBZ,Ibiza (Eivissa),ES
ICN,Seoul,KR
ICT,Wichita,US
IDA,Idaho Falls,US
IDR,Indore,IN
IEG,Nowe Kramsko,PL
IEJ,Ie,JP
IEV,Kyiv,UA
IFJ,Ísafjörður,IS
IFN,Isfahan,IR
IFO,Ivano-Frankivsk,UA
IFP,Bullhead City,US
IGA,Matthew Town,BS
IGD,Iğdır,TR
IGL,Çiğli,TR
IGM,Kingman,US
IGR,Puerto Iguazu,AR
IGS,Manching,DE
IGT,Sunzha,RU
IGU,Foz do Iguaçu,BR
IHR,Iranshahr,IR
IIL,Ilam,IR
IJK,Izhevsk,RU
IKA,Tehran,IR
IKI,Iki,JP
IKK,Kankakee,US
IKS,Tiksi,RU
IKT,Irkutsk,RU
IKU,Tamchy,KG
ILD,Lleida,ES
ILG,Wilmington,US
ILI,Iliamna,US
ILM,Wilmington,US
ILN,Wilmington,US
ILO,Cabatuan,PH
ILP,Île des Pins,NC
ILQ,Ilo,PE
ILR,Ilorin,NG
ILS,San Salvador,SV
ILY,"Isle of Islay, Argyll and Bute",GB
ILZ,Dolný Hričov,SK
IMF,Imphal,IN
IMP,Imperatriz,BR
IMQ,Showt,IR
IMT,Kingsford,US
INA,Inta,RU
INC,Yinchuan,CN
IND,Indianapolis,US
INH,Inhambane,MZ
INI,Niš,RS
INK,Wink,US
INL,International Falls,US
INN,Innsbruck,AT
INT,Winston Salem,US
INU,Yaren District,NR
INV,Inverness,GB
INW,Winslow,US
INZ,In Salah,DZ
IOA,Ioannina,GR
IOM,Castletown,IM
IOS,Ilhéus,BR
IPC,Isla De Pascua,CL
IPH,Ipoh,MY
IPI,Ipiales,CO
IPL,Imperial,US
IPN,Ipatinga,BR
IPT,Williamsport,US
IQA,Hīt,IQ
IQM,Qiemo,CN
IQN,Qingyang (Xifeng),CN
IQQ,Iquique,CL
IQT,Iquitos,PE
IRD,Ishurdi,BD
IRG,Lockhart River,AU
IRI,Nduli,TZ
IRJ,La Rioja,AR
IRK,Kirksville,US
IRP,Isiro,CD
ISA,Mount Isa,AU
ISB,Attock,PK
ISE,Isparta,TR
ISG,Ishigaki,JP
ISK,Nasik,IN
ISL,"Bakırköy, Istanbul",TR
ISM,Orlando,US
ISO,Kinston,US
ISP,Islip,US
IST,"Arnavutköy, Istanbul",TR
ISU,Sulaymaniyah,IQ
ITA,Itacoatiara,BR
ITB,Itaituba,BR
ITH,Ithaca,US
ITM,Osaka,JP
ITO,Hilo,US
IUE,Alofi,NU
IVC,Invercargill,NZ
IVL,Ivalo,FI
IVR,Inverell,AU
IWA,Ivanovo,RU
IWJ,Masuda,JP
IWK,Iwakuni,JP
IWO,Ogasawara,JP
IXA,Agartala,IN
IXB,Siliguri,IN
IXC,Chandigarh,IN
IXD,Allahabad,IN
IXE,Mangalore,IN
IXG,Belgaum,IN
IXH,Kailashahar,IN
IXI,Lilabari,IN
IXJ,Jammu,IN
IXK,Keshod,IN
IXL,Leh,IN
IXM,Madurai,IN
IXP,Pathankot,IN
IXR,Ranchi,IN
IXS,Silchar,IN
IXU,Aurangabad,IN
IXW,Jamshedpur,IN
IXX,Bidar,IN
IXY,Kandla,IN
IXZ,Port Blair,IN
IZA,Juiz de Fora,BR
IZO,Izumo,JP
IZT,Ixtepec,MX
JAA,Jalalabad,AF
JAC,Jackson,US
JAD,Perth,AU
JAE,Jaén,PE
JAF,Jaffna,LK
JAG,Jacobabad,PK
JAI,Jaipur,IN
JAK,Jacmel,HT
JAL,Emiliano Zapata,MX
JAM,Bezmer,BG
JAN,Jackson,US
JAU,Jauja,PE
JAV,Ilulissat,GL
JAX,Jacksonville,US
JBQ,La Isabela,DO
JBR,Jonesboro,US
JCR,Jacareacanga,BR
JCT,Junction,US
JDF,Juiz de Fora,BR
JDG,Jeju Island,KR
JDH,Jodhpur,IN
JDZ,Jingdezhen,CN
JED,Jeddah,SA
JEE,Carrefour Sanon,HT
JEG,Aasiaat,GL
JER,Saint Helier,JE
JFK,New York,US
JFN,Ashtabula,US
JGA,Jamnagar,IN
JGD,Jiagedaqi,CN
JGS,Ji'an,CN
JHB,Johor Bahru,MY
JHF,São Roque,BR
JHG,Jinghong (Gasa),CN
JHM,Lahaina,US
JHS,Sisimiut,GL
JHW,Jamestown,US
JIB,Djibouti City,DJ
JIJ,Jijiga,ET
JIM,Jimma,ET
JIQ,Qianjiang,CN
JJD,Cruz,BR
JJI,Juanjuí,PE
JJN,Quanzhou,CN
JKG,Jönköping,SE
JKH,Chios Island,GR
JKR,Janakpur,NP
JLN,Joplin,US
JLR,Jabalpur,IN
JMJ,Pu'er (Lancang),CN
JMK,Mykonos,GR
JMS,Jamestown,US
JMU,Jiamusi,CN
JNB,Johannesburg,ZA
JNG,Jining,CN
JNU,Juneau,US
JNZ,Jinzhou (Linghai),CN
JOE,Joensuu,FI
JOG,Yogyakarta,ID
JOH,Port St Johns,ZA
JOI,Joinville,BR
JOK,Yoshkar-Ola,RU
JOL,Jolo,PH
JOS,Jos,NG
JPA,João Pessoa,BR
JRF,Kapolei,US
JRH,Jorhat,IN
JRO,Arusha,TZ
JSH,Crete Island,GR
JSI,Skiathos,GR
JSJ,Jiansanjiang,CN
JSO,Sobral,BR
JSR,Jashore (Jessore),BD
JST,Johnstown,US
JTC,Bauru,BR
JTR,Santorini Island,GR
JUB,Juba,SS
JUJ,San Salvador de Jujuy,AR
JUL,Juliaca,PE
JUZ,Quzhou (Kezheng),CN
JWA,Jwaneng,BW
JWN,Zanjan,IR
JWO,Gimseang-ro,KR
JXA,Jixi,CN
JXN,Jackson,US
JYR,Jiroft,IR
JYV,Jyväskylän Maalaiskunta,FI
JZH,Ngawa (Songpan),CN
KAB,Kariba,ZW
KAC,Qamishly,SY
KAD,Kaduna,NG
KAG,Gangneung,KR
KAI,Kaieteur Falls,GY
KAJ,Kajaani,FI
KAN,Kano,NG
KAO,Kuusamo,FI
KAT,Awanui,NZ
KAU,Kauhava,FI
KAW,Kawthoung,MM
KBK,Kushinagar,IN
KBL,Kabul,AF
KBP,Boryspil,UA
KBR,Kota Baharu,MY
KBS,Bo,SL
KBV,Krabi,TH
KCH,Kuching,MY
KCM,Kahramanmaraş,TR
KCO,Kartepe,TR
KCT,Galle,LK
KCY,Krasnoyarsk,RU
KCZ,Nankoku,JP
KDH,Khvoshab,AF
KDL,Kärdla,EE
KDM,Huvadhu Atoll,MV
KDO,Kadhdhoo,MV
KDT,Nakhon Pathom,TH
KDU,Skardu,PK
KEF,Reykjavík,IS
KEJ,Kemerovo,RU
KEL,Kiel,DE
KEM,Kemi / Tornio,FI
KEN,Kenema,SL
KEP,Nepalgunj,NP
KER,Kerman,IR
KES,Kelsey,CA
KET,Kengtung,MM
KEV,Jämsä,FI
KFS,Kastamonu,TR
KFZ,Kukës,AL
KGA,Kananga,CD
KGD,Kaliningrad,RU
KGF,Karaganda,KZ
KGG,Kédougou,SN
KGI,Broadwood,AU
KGJ,Karonga,MW
KGL,Kigali,RW
KGP,Kogalym,RU
KGS,Kos Island,GR
KGT,Garzê (Kangding),CN
KHE,Kherson,UA
KHG,Kashgar,CN
KHH,Kaohsiung (Xiaogang),TW
KHI,Karachi,PK
KHJ,Kauhajoki,FI
KHK,Khark,IR
KHN,Nanchang,CN
KHS,Khasab,OM
KHT,Khost,AF
KHV,Khabarovsk,RU
KID,Kristianstad,SE
KIH,Kish Island,IR
KIJ,Niigata,JP
KIK,Kirkuk,IQ
KIM,Kimberley,ZA
KIN,Kingston,JM
KIR,Killarney,IE
KIS,Kisumu,KE
KIW,Kitwe,ZM
KIX,Osaka,JP
KJA,Krasnoyarsk,RU
KJB,Orvakal,IN
KJH,Kaili  (Huangping),CN
KJI,Burqin,CN
KJK,Wevelgem,BE
KJT,Kertajati,ID
KKC,Khon Kaen,TH
KKE,Kerikeri,NZ
KKJ,Kitakyushu,JP
KKN,Kirkenes,NO
KKR,Raitahiti,PF
KKS,Kashan,IR
KKW,Kikwit,CD
KKX,Kikai,JP
KLC,Kaolack,SN
KLD,Tver,RU
KLF,Kaluga,RU
KLH,Kolhapur,IN
KLO,Kalibo,PH
KLR,Kalmar,SE
KLS,Kelso,US
KLU,Klagenfurt am Wörthersee,AT
KLV,Karlovy Vary,CZ
KLW,Klawock,US
KLX,Kalamata,GR
KLZ,Kleinsee,ZA
KMA,Kerema,PG
KMC,King Khaled Military City,SA
KME,Kamembe,RW
KMG,Kunming,CN
KMH,Kuruman,ZA
KMI,Miyazaki,JP
KMJ,Kumamoto,JP
KMP,Keetmanshoop,NA
KMQ,Kanazawa,JP
KMS,Kumasi,GH
KMU,Kismayo,SO
KMW,Kostroma,RU
KMX,Khamis Mushait,SA
KNA,Viña del Mar,CL
KND,Kindu,CD
KNF,"King's Lynn, Norfolk",GB
KNG,Kaimana,ID
KNH,Shang-I,TW
KNO,Beringin,ID
KNQ,Koné,NC
KNR,Jam,IR
KNU,Kanpur,IN
KNX,Kununurra,AU
KOA,Kailua-Kona,US
KOI,Orkney Islands,GB
KOJ,Kagoshima,JP
KOK,Kokkola / Kruunupyy,FI
KOP,Nakhon Phanom,TH
KOU,Koulamoutou,GA
KOV,Kokshetau,KZ
KPC,Port Clarence,US
KPO,Pohang,KR
KPW,Keperveem,RU
KQH,Ajmer (Kishangarh),IN
KQT,Kurgan-Tyube,TJ
KRF,Nyland,SE
KRK,Balice,PL
KRL,Korla,CN
KRN,Kiruna,SE
KRO,Kurgan,RU
KRP,Karup,DK
KRR,Krasnodar,RU
KRS,Kjevik,NO
KRT,Khartoum,SD
KRW,Turkmenbashi,TM
KSA,Okat,FM
KSC,Košice,SK
KSD,Karlstad,SE
KSF,Calden,DE
KSH,Kermanshah,IR
KSK,Karlskoga,SE
KSL,Kassala,SD
KSN,Kostanay,KZ
KSU,Kvernberget,NO
KSY,Kars,TR
KSZ,Kotlas,RU
KTA,Karratha,AU
KTD,Kitadaitōjima,JP
KTE,Kerteh,MY
KTG,Ketapang,ID
KTL,Kitale,KE
KTM,Kathmandu,NP
KTN,Ketchikan,US
KTP,Tinson Pen,JM
KTQ,Kitee,FI
KTT,Kittilä,FI
KTU,Kota,IN
KTW,Katowice,PL
KUA,Kuantan,MY
KUF,Samara,RU
KUH,Kushiro,JP
KUL,Sepang,MY
KUM,Yakushima,JP
KUN,Kaunas,LT
KUO,Kuopio / Siilinjärvi,FI
KUS,Kulusuk,GL
KUT,Kopitnari,GE
KUU,Bhuntar,IN
KUV,Gunsan,KR
KVA,Kavala,GR
KVB,Skövde,SE
KVG,Kavieng,PG
KVO,Kraljevo,RS
KVX,Kirov,RU
KWA,Kwajalein,MH
KWE,Guiyang (Nanming),CN
KWG,Kryvyi Rih,UA
KWI,Kuwait City,KW
KWJ,Gwangju,KR
KWL,Guilin (Lingui),CN
KWM,Kowanyama,AU
KWY,Kiwayu,KE
KWZ,Kolwezi,CD
KXB,Kolaka,ID
KXE,Klerksdorp,ZA
KXK,Komsomolsk-on-Amur,RU
KYA,Konya,TR
KYD,Orchid Island,TW
KYE,Tripoli,LB
KYP,Kyaukpyu,MM
KYZ,Kyzyl,RU
KZC,Kampong Chhnang,KH
KZI,Kozani,GR
KZN,Kazan,RU
LAA,Lamar,US
LAD,Luanda,AO
LAE,Lae,PG
LAF,West Lafayette,US
LAI,Lannion,FR
LAJ,Lages,BR
LAL,Lakeland,US
LAN,Lansing,US
LAO,Laoag City,PH
LAP,La Paz,MX
LAQ,Al Albraq,LY
LAR,Laramie,US
LAS,Las Vegas,US
LAU,Lamu,KE
LAW,Lawton,US
LAX,Los Angeles,US
LAY,Ladysmith,ZA
LAZ,Bom Jesus da Lapa,BR
LBA,"Leeds, West Yorkshire",GB
LBB,Lubbock,US
LBC,Lübeck,DE
LBD,Khujand,TJ
LBE,Latrobe,US
LBF,North Platte,US
LBG,"Paris (Le Bourget, Seine-Saint-Denis)",FR
LBI,Albi/Le Séquestre,FR
LBL,Liberal,US
LBQ,Lambarene,GA
LBS,Labasa,FJ
LBT,Lumberton,US
LBU,Labuan,MY
LBV,Libreville,GA
LBX,Lubang,PH
LBY,La Baule-Escoublac,FR
LCA,Larnaca,CY
LCC,Galatina (LE),IT
LCE,La Ceiba,HN
LCG,Culleredo,ES
LCH,Lake Charles,US
LCJ,Łódź,PL
LCK,Columbus,US
LCL,Pinar del Rio,CU
LCX,Longyan (Liancheng),CN
LCY,London,GB
LDB,Londrina,BR
LDE,Tarbes/Lourdes/Pyrénées,FR
LDS,Yichun,CN
LDU,Lahad Datu,MY
LDV,Landivisiau,FR
LDY,Derry,GB
LEA,Exmouth,AU
LEB,Lebanon,US
LED,St. Petersburg,RU
LEE,Leesburg,US
LEH,Le Havre,FR
LEI,Almería,ES
LEJ,Schkeuditz,DE
LEN,León,ES
LET,Leticia,CO
LEX,Lexington,US
LEY,Lelystad,NL
LFI,Hampton,US
LFK,Lufkin,US
LFM,Lamerd,IR
LFQ,Linfen (Yaodu),CN
LFT,Lafayette,US
LFW,Lomé,TG
LGA,New York,US
LGB,Long Beach,US
LGG,Grâce-Hollogne,BE
LGI,Deadman's Cay,BS
LGK,Langkawi,MY
LGR,Cochrane,CL
LGS,Malargue,AR
LGU,Logan,US
LGW,London,GB
LHA,Lahr/Schwarzwald,DE
LHE,Lahore,PK
LHK,Xiangyang (Laohekou),CN
LHN,Linhares,BR
LHR,London,GB
LHS,Las Heras,AR
LHW,Lanzhou (Yongdeng),CN
LIF,Lifou,NC
LIG,Limoges/Bellegarde,FR
LIH,Lihue,US
LIL,Lesquin,FR
LIM,Lima,PE
LIN,Segrate (MI),IT
LIO,Puerto Limon,CR
LIP,Lins,BR
LIQ,Lisala,CD
LIR,Liberia,CR
LIS,Lisbon,PT
LIT,Little Rock,US
LIW,Loikaw,MM
LJG,Lijiang (Gucheng),CN
LJN,Angleton,US
LJU,Zgornji Brnik,SI
LKG,Lokichogio,KE
LKL,Lakselv,NO
LKN,Leknes,NO
LKO,Lucknow,IN
LKY,Lake Manyara National Park,TZ
LKZ,"Brandon, Suffolk",GB
LLA,Luleå,SE
LLC,Lal-lo,PH
LLF,Yongzhou,CN
LLV,Lüliang,CN
LLW,Lumbadzi,MW
LME,"Le Mans, Sarthe",FR
LMM,Los Mochis,MX
LMN,Limbang,MY
LMO,Lossiemouth,GB
LMP,Lampedusa,IT
LMQ,Marsa al Brega,LY
LMR,Lime Acres,ZA
LMT,Klamath Falls,US
LND,Lander,US
LNJ,Lincang,CN
LNK,Lincoln,US
LNL,Longnan (Cheng),CN
LNO,Leonora,AU
LNS,Lancaster,US
LNX,Smolensk,RU
LNY,Lanai City,US
LNZ,Linz,AT
LOK,Lodwar,KE
LOL,Lovelock,US
LOO,Laghouat,DZ
LOP,"Mataram (Pujut, Lombok Tengah)",ID
LOS,Lagos,NG
LOU,Louisville,US
LOV,Monclova,MX
LOZ,London,US
LPA,Gran Canaria Island,ES
LPB,La Paz / El Alto,BO
LPF,Liupanshui (Zhongshan),CN
LPG,La Plata,AR
LPI,Linköping,SE
LPK,Lipetsk,RU
LPL,Liverpool,GB
LPP,Lappeenranta,FI
LPQ,Luang Phabang,LA
LPX,Liepāja,LV
LRD,Laredo,US
LRE,Longreach,AU
LRF,Jacksonville,US
LRH,La Rochelle/Île de Ré,FR
LRL,Niamtougou,TG
LRM,La Romana,DO
LRR,Lar,IR
LRT,Lorient/Lann/Bihoué,FR
LRU,Las Cruces,US
LSC,La Serena-Coquimbo,CL
LSE,La Crosse,US
LSF,Fort Benning,US
LSH,Lashio,MM
LSI,Lerwick,GB
LSL,Los Chiles,CR
LSP,Paraguaná,VE
LSR,Kutacane,ID
LST,Launceston (Western Junction),AU
LSV,Las Vegas,US
LSX,Lhok Sukon-Sumatra Island,ID
LSY,Lismore,AU
LTA,Tzaneen,ZA
LTD,Ghadames,LY
LTI,Altai,MN
LTK,Latakia,SY
LTM,Lethem,GY
LTN,"Luton, Bedfordshire",GB
LTO,Loreto,MX
LTQ,Le Touquet-Paris-Plage,FR
LTS,Altus,US
LTU,Latur,IN
LTX,Latacunga,EC
LUD,Luderitz,NA
LUF,Glendale,US
LUG,Agno,CH
LUK,Cincinnati,US
LUM,Dehong (Mangshi),CN
LUN,Lusaka,ZM
LUO,Luena,AO
LUQ,San Luis,AR
LUR,Cape Lisburne,US
LUV,Langgur,ID
LUW,Luwok,ID
LUX,Luxembourg,LU
LUZ,Lublin,PL
LVA,"Laval, Mayenne",FR
LVI,Livingstone,ZM
LVM,Livingston,US
LVP,Lavan Airport,IR
LVS,Las Vegas,US
LWB,Lewisburg,US
LWM,Lawrence,US
LWN,Gyumri,AM
LWO,Lviv,UA
LWR,Leeuwarden,NL
LWS,Lewiston,US
LWT,Lewistown,US
LXA,Shannan (Gonggar),CN
LXR,Luxor,EG
LYA,Luoyang (Laocheng),CN
LYB,Blossom Village,KY
LYC,Lycksele,SE
LYG,Lianyungang,CN
LYH,Lynchburg,US
LYI,Linyi (Hedong),CN
LYN,"Chassieu, Lyon",FR
LYP,Faisalabad,PK
LYR,Longyearbyen,NO
LYS,"Colombier-Saugnieu, Rhône",FR
LYU,Ely,US
LYX,"Romney Marsh, Kent",GB
LZC,Lázaro Cárdenas,MX
LZG,Nanchong (Langzhong),CN
LZH,Liuzhou (Liujiang),CN
LZN,Matsu (Nangan),TW
LZO,Luzhou (Yunlong),CN
LZY,Nyingchi (Mainling),CN
MAA,Chennai,IN
MAB,Marabá,BR
MAD,Madrid,ES
MAF,Midland,US
MAG,Madang,PG
MAH,Mahón (Maó),ES
MAJ,Majuro Atoll,MH
MAK,Malakal,SS
MAM,Matamoros,MX
MAN,"Manchester, Greater Manchester",GB
MAO,Manaus,BR
MAR,Maracaibo,VE
MAS,Manus Island,PG
MAX,Ouro Sogui,SN
MAY,Mangrove Cay,BS
MAZ,Mayaguez,PR
MBA,Mombasa,KE
MBD,Mafeking,ZA
MBE,Monbetsu,JP
MBG,Mobridge,US
MBI,Mbeya,TZ
MBJ,Montego Bay,JM
MBO,Mamburao,PH
MBS,Freeland,US
MBT,Masbate,PH
MBW,Melbourne,AU
MBX,Orehova Vas,SI
MCB,McComb,US
MCC,Sacramento,US
MCE,Merced,US
MCF,Tampa,US
MCG,McGrath,US
MCI,Kansas City,US
MCJ,La Mina-Maicao,CO
MCK,McCook,US
MCN,Macon,US
MCO,Orlando,US
MCP,Macapá,BR
MCS,Monte Caseros,AR
MCT,Muscat,OM
MCU,"Lépaud, Creuse",FR
MCW,Mason City,US
MCX,Makhachkala,RU
MCY,Maroochydore,AU
MCZ,Maceió,BR
MDC,Manado,ID
MDE,Medellín,CO
MDG,Mudanjiang,CN
MDH,Murphysboro,US
MDI,Makurdi,NG
MDK,Mbandaka,CD
MDL,Mandalay,MM
MDQ,Mar del Plata,AR
MDT,Harrisburg,US
MDU,Mendi,PG
MDW,Chicago,US
MDY,Sand Island,UM
MDZ,Mendoza,AR
MEA,Macaé,BR
MEB,Essendon Fields,AU
MEC,Manta,EC
MED,Medina,SA
MEE,Maré,NC
MEG,Malanje,AO
MEH,Mehamn,NO
MEI,Meridian,US
MEK,Meknes,MA
MEL,Melbourne,AU
MEM,Memphis,US
MEN,Mende/Brénoux,FR
MEQ,Kuala Pesisir,ID
MER,Merced,US
MES,Medan,ID
MEU,Almeirim,BR
MEX,Ciudad de México,MX
MFD,Mansfield,US
MFE,McAllen,US
MFG,Muzaffarabad,PK
MFH,Mesquite,US
MFK,Matsu (Beigan),TW
MFM,Nossa Senhora do Carmo,MO
MFQ,Maradi,NE
MFR,Medford,US
MFU,Mfuwe,ZM
MGA,Managua,NI
MGB,Mount Gambier,AU
MGE,Marietta,US
MGF,Maringá,BR
MGH,Margate,ZA
MGL,Mönchengladbach,DE
MGM,Montgomery,US
MGN,Magangué,CO
MGQ,Mogadishu,SO
MGW,Morgantown,US
MGZ,Mkeik,MM
MHD,Mashhad,IR
MHG,Mannheim,DE
MHH,Marsh Harbour,BS
MHK,Manhattan,US
MHQ,Mariehamn,FI
MHR,Sacramento,US
MHT,Manchester,US
MHU,Mount Hotham,AU
MHZ,"Bury Saint Edmunds, Suffolk",GB
MIA,Miami,US
MIB,Minot,US
MID,Mérida,MX
MIE,Muncie,US
MIG,Mianyang (Fucheng),CN
MII,Marília,BR
MIK,Mikkeli,FI
MIM,Merimbula,AU
MIP,Beersheba,IL
MIR,Monastir,TN
MIU,Maiduguri,NG
MIV,Millville,US
MJD,Moenjodaro,PK
MJF,Mosjøen,NO
MJI,Tripoli,LY
MJK,Denham,AU
MJL,Mouila,GA
MJM,Mbuji Mayi,CD
MJN,Mahajanga,MG
MJT,Mytilene,GR
MJV,San Javier,ES
MJZ,Mirny,RU
MKC,Kansas City,US
MKE,Milwaukee,US
MKG,Muskegon,US
MKK,Kaunakakai,US
MKL,Jackson,US
MKM,Mukah,MY
MKP,Makemo,PF
MKQ,Merauke,ID
MKU,Makokou,GA
MKW,Manokwari,ID
MKY,Mackay,AU
MKZ,Malacca,MY
MLA,Valletta,MT
MLB,Melbourne,US
MLC,Mc Alester,US
MLE,Malé,MV
MLG,Malang,ID
MLI,Moline,US
MLM,Morelia,MX
MLN,Melilla,ES
MLS,Miles City,US
MLU,Monroe,US
MLW,Monrovia,LR
MLX,Malatya,TR
MMB,Ōzora,JP
MMD,Minamidaito,JP
MME,"Darlington, Durham",GB
MMJ,Matsumoto,JP
MMK,Murmansk,RU
MMO,Vila do Maio,CV
MMT,Eastover,US
MMU,Morristown,US
MMX,Malmö,SE
MMY,Miyakojima,JP
MMZ,Maymana,AF
MNG,Maningrida,AU
MNH,Al Masna'ah,OM
MNI,Gerald's Park,MS
MNJ,Mananjary,MG
MNL,Manila (Pasay),PH
MNR,Mongu,ZM
MNX,Manicoré,BR
MNZ,Manassas,US
MOA,Moa,CU
MOB,Mobile,US
MOC,Montes Claros,BR
MOD,Modesto,US
MOG,Mong Hsat,MM
MOL,Årø,NO
MOQ,Morondava,MG
MOT,Minot,US
MOV,Moranbah,AU
MOZ,Moorea-Maiao,PF
MPA,Mpacha,NA
MPH,Caticlan,PH
MPL,Montpellier/Méditerranée,FR
MPM,Maputo,MZ
MPN,Mount Pleasant,FK
MPV,Barre/Montpelier,US
MPW,Mariupol,UA
MQF,Magnitogorsk,RU
MQH,Minaçu,BR
MQJ,Khonuu,RU
MQL,Mildura,AU
MQM,Mardin,TR
MQN,Mo i Rana,NO
MQP,Mpumalanga,ZA
MQQ,Moundou,TD
MQS,Lovell,VC
MQT,Gwinn,US
MQU,Mariquita,CO
MQX,Mekele,ET
MQY,Smyrna,US
MRB,Martinsburg,US
MRD,Mérida,VE
MRE,Masai Mara,KE
MRG,Mareeba,AU
MRI,Anchorage,US
MRO,Masterton,NZ
MRQ,Gasan,PH
MRR,Macará,EC
MRS,"Marignane, Bouches-du-Rhône",FR
MRU,Plaine Magnien,MU
MRV,Mineralnyye Vody,RU
MRW,Rødby,DK
MRX,Mahshahr,IR
MRY,Monterey,US
MRZ,Moree,AU
MSH,Masirah,OM
MSJ,Misawa,JP
MSL,Muscle Shoals,US
MSN,Madison,US
MSO,Missoula,US
MSP,Minneapolis,US
MSQ,Minsk,BY
MSR,Muş,TR
MSS,Massena,US
MST,Maastricht,NL
MSU,Mazenod,LS
MSW,Massawa,ER
MSY,New Orleans,US
MSZ,Moçâmedes,AO
MTC,Mount Clemens,US
MTH,Marathon,US
MTJ,Montrose,US
MTN,Baltimore,US
MTR,Montería,CO
MTS,Manzini,SZ
MTT,Cosoleacaque,MX
MTY,Monterrey,MX
MTZ,Masada,IL
MUA,Munda,SB
MUB,Maun,BW
MUC,Munich,DE
MUD,Mueda,MZ
MUE,Waimea (Kamuela),US
MUH,Marsa Matruh,EG
MUI,Fort Indiantown Gap(Annville),US
MUN,Maturín,VE
MUO,Mountain Home,US
MUR,Marudi,MY
MUW,Ghriss,DZ
MUX,Multan,PK
MVB,Franceville,GA
MVD,Ciudad de la Costa,UY
MVF,Mossoró,BR
MVP,Mitú,CO
MVQ,Mogilev,BY
MVR,Maroua,CM
MVZ,Masvingo,ZW
MWA,Marion,US
MWD,Mianwali,PK
MWE,Merowe,SD
MWH,Moses Lake,US
MWX,Muan (Piseo-ri),KR
MWZ,Mwanza,TZ
MXF,Montgomery,US
MXI,Mati,PH
MXJ,Minna,NG
MXL,Mexicali,MX
MXM,Morombe,MG
MXN,Morlaix/Ploujean,FR
MXP,Ferno (VA),IT
MXV,Mörön,MN
MXX,Mora,SE
MYA,Moruya,AU
MYC,Maracay,VE
MYD,Malindi,KE
MYE,Miyakejima,JP
MYG,Abraham Bay Settlement,BS
MYJ,Matsuyama,JP
MYL,McCall,US
MYP,Mary,TM
MYR,Myrtle Beach,US
MYT,Myitkyina,MM
MYU,Mekoryuk,US
MYV,Marysville,US
MYW,Mtwara,TZ
MYY,Miri,MY
MZB,Mocímboa da Praia,MZ
MZG,Huxi,TW
MZI,Sévaré,ML
MZL,Manizales,CO
MZO,Manzanillo,CU
MZQ,Mkuze,ZA
MZR,Mazar-i-Sharif,AF
MZS,Moradabad,IN
MZT,Mazatlàn,MX
MZU,Muzaffarpur,IN
MZV,Mulu,MY
MZW,Mecheria,DZ
NAA,Narrabri,AU
NAG,Nagpur,IN
NAH,"Tabukan Utara, Sangihe Islands",ID
NAJ,Nakhchivan,AZ
NAK,Chaloem Phra Kiat,TH
NAL,Nalchik,RU
NAM,Namniwel,ID
NAN,Nadi,FJ
NAP,Napoli,IT
NAS,Nassau,BS
NAT,Natal,BR
NAY,Beijing,CN
NBC,Nizhnekamsk,RU
NBE,Enfidha,TN
NBG,New Orleans,US
NBJ,Luanda (Ícolo e Bengo),AO
NBO,Nairobi,KE
NBS,Baishan,CN
NBW,Guantanamo Bay Naval Station,CU
NBX,Nabire,ID
NCA,North Caicos,TC
NCE,"Nice, Alpes-Maritimes",FR
NCL,"Newcastle upon Tyne, Tyne and Wear",GB
NCO,North Kingstown,US
NCS,Newcastle,ZA
NCU,Nukus,UZ
NCY,Epagny Metz-Tessy,FR
NDB,Nouadhibou,MR
NDC,Nanded,IN
NDD,Sumbe,AO
NDG,Qiqihar,CN
NDJ,N'Djamena,TD
NDR,Al Aaroui,MA
NDU,Rundu,NA
NEC,Necochea,AR
NEL,Lakehurst,US
NER,Neryungri,RU
NEV,Charlestown,KN
NEW,New Orleans,US
NFG,Nefteyugansk,RU
NFL,Fallon,US
NGB,Ningbo,CN
NGE,N'Gaoundéré,CM
NGF,Kaneohe,US
NGO,Tokoname,JP
NGP,Corpus Christi,US
NGQ,Shiquanhe,CN
NGS,Nagasaki,JP
NGU,Norfolk,US
NHD,Dubai,AE
NHK,Patuxent River,US
NHT,London,GB
NHV,Nuku Hiva,PF
NHZ,Brunswick,US
NIM,Niamey,NE
NIP,Jacksonville,US
NIT,Niort/Souché,FR
NJA,Ayase / Yamato,JP
NJC,Nizhnevartovsk,RU
NJF,Najaf,IQ
NJK,El Centro,US
NKC,Nouakchott,MR
NKG,Nanjing,CN
NKM,Nagoya,JP
NKT,Şırnak,TR
NKW,Diego Garcia,IO
NKX,San Diego,US
NLA,Ndola,ZM
NLC,Lemoore,US
NLD,Nuevo Laredo,MX
NLH,Ninglang,CN
NLI,Nikolayevsk-na-Amure Airport,RU
NLK,Burnt Pine,NF
NLO,N'dolo,CD
NLT,Xinyuan,CN
NLU,Mexico City,MX
NLV,Nikolayev,UA
NMB,Daman,IN
NMC,Normans Cay,BS
NMF,Noonu Atoll,MV
NMI,Navi Mumbai,IN
NMS,Namsang,MM
NNA,Kenitra,MA
NNG,Nanning (Jiangnan),CN
NNM,Naryan Mar,RU
NOA,Nowra Hill,AU
NOB,Nicoya,CR
NOC,Charlestown,IE
NOI,Krymsk,RU
NOJ,Noyabrsk,RU
NOP,Sinop,TR
NOS,Nosy Be,MG
NOU,Nouméa (La Tontouta),NC
NOV,Huambo,AO
NOZ,Novokuznetsk,RU
NPA,Pensacola,US
NPE,Napier,NZ
NPL,New Plymouth,NZ
NPO,Nanga Pinoh-Borneo Island,ID
NQA,Millington,US
NQI,Kingsville,US
NQN,Neuquen,AR
NQT,Nottingham,GB
NQX,Key West,US
NQY,Newquay,GB
NQZ,Astana,KZ
NRA,Narrandera,AU
NRB,Jacksonville,US
NRK,Norrköping,SE
NRN,Weeze,DE
NRR,Ceiba,PR
NRT,Narita,JP
NSE,Milton,US
NSH,Nowshahr,IR
NSI,Yaoundé,CM
NSK,Norilsk,RU
NSN,Nelson,NZ
NST,Nakhon Si Thammarat,TH
NSY,Sigonella (CT),IT
NTB,Notodden,NO
NTD,Point Mugu,US
NTE,Nantes,FR
NTG,Nantong (Tongzhou),CN
NTL,Williamtown,AU
NTN,Normanton,AU
NTQ,Wajima,JP
NTR,Monterrey,MX
NTU,Virginia Beach,US
NTX,Ranai-Natuna Besar Island,ID
NUE,Nuremberg,DE
NUI,Nuiqsut,US
NUJ,Amirabad,IR
NUM,Sharma,SA
NUQ,Mountain View,US
NUW,Oak Harbor,US
NUX,Novy Urengoy,RU
NVA,Neiva,CO
NVI,Navoi,UZ
NVS,"Marzy, Nièvre",FR
NVT,Navegantes,BR
NWA,Fomboni,KM
NWI,"Norwich, Norfolk",GB
NYA,Nyagan,RU
NYG,Quantico,US
NYI,Sunyani,GH
NYK,Nanyuki,KE
NYM,Nadym,RU
NYO,Nyköping,SE
NYT,Pyinmana,MM
NZC,Nazca,PE
NZH,Manzhouli,CN
NZL,Zhalantun,CN
NZY,San Diego,US
OAG,Orange,AU
OAI,Bagram,AF
OAJ,Richlands,US
OAK,Oakland,US
OAX,Oaxaca,MX
OBF,Weßling,DE
OBO,Obihiro,JP
OBS,"Lanas, Ardèche",FR
OCC,Coca,EC
OCJ,Boscobel,JM
OCV,Ocaña,CO
ODB,Córdoba,ES
ODE,Odense,DK
ODH,"Hook, Hampshire",GB
ODS,Odessa,UA
OEC,Oecussi-Ambeno,TL
OER,Örnsköldsvik,SE
OFF,Omaha,US
OFK,Norfolk,US
OGB,Orangeburg,US
OGD,Ogden,US
OGG,Kahului,US
OGL,Ogle,GY
OGN,Yonaguni,JP
OGS,Ogdensburg,US
OGU,Ordu,TR
OGX,Ouargla,DZ
OGZ,Beslan,RU
OHD,Ohrid,MK
OHE,Mohe,CN
OHO,Okhotsk,RU
OIM,Izu Oshima,JP
OIR,Okushiri Island,JP
OIT,Oita,JP
OKA,Naha,JP
OKC,Oklahoma City,US
OKD,Sapporo,JP
OKE,Wadomari,JP
OKI,Okinoshima,JP
OKJ,Okayama,JP
OKL,Oksibil,ID
OKN,Okondja,GA
OKO,Fussa,JP
OLA,Ørland,NO
OLB,Olbia (SS),IT
OLF,Wolf Point,US
OLL,Oyo,CG
OLM,Olympia,US
OLS,Nogales,US
OLU,Columbus,US
OLZ,Olyokminsk,RU
OMA,Omaha,US
OMB,Omboue,GA
OMC,Ormoc City,PH
OMD,Oranjemund,NA
OME,Nome,US
OMH,Urmia,IR
OMO,Mostar,BA
OMR,Oradea,RO
OMS,Omsk,RU
OND,Ondangwa,NA
ONJ,Kitaakita,JP
ONO,Oregon,US
ONP,Newport,US
ONQ,Zonguldak,TR
ONT,Ontario,US
ONX,Colón,PA
OOL,Gold Coast,AU
OOM,Cooma,AU
OPF,Miami,US
OPO,Porto,PT
OPU,Balimo,PG
ORA,Orán,AR
ORB,Örebro,SE
ORD,Chicago,US
ORF,Norfolk,US
ORH,Worcester,US
ORK,Cork,IE
ORN,Es-Sénia,DZ
ORT,Northway,US
ORU,Oruro,BO
ORY,"Paris (Orly, Val-de-Marne)",FR
OSD,Östersund,SE
OSF,Moscow,RU
OSH,Oshkosh,US
OSI,Klisa,HR
OSL,Oslo (Gardermoen),NO
OSM,Mosul,IQ
OSN,Pyeongtaek,KR
OSR,Mošnov,CZ
OSS,Osh,KG
OST,Oostende,BE
OSU,Columbus,US
OSW,Orsk,RU
OTH,North Bend,US
OTI,Gotalalamo-Morotai Island,ID
OTM,Ottumwa,US
OTP,Otopeni,RO
OTR,Corredores,CR
OTZ,Kotzebue,US
OUA,Ouagadougou,BF
OUD,Ahl Angad,MA
OUH,Oudtshoorn,ZA
OUL,Oulu / Oulunsalo,FI
OVB,Novosibirsk,RU
OVD,Ranón,ES
OVS,Sovetskiy,RU
OWB,Owensboro,US
OWD,Norwood,US
OXB,Bissau,GW
OXF,"Kidlington, Oxfordshire",GB
OXR,Oxnard,US
OYA,Goya,AR
OYE,Oyem,GA
OYK,Oiapoque,BR
OYO,Tres Arroyos,AR
OYP,Saint-Georges-de-l'Oyapock,GF
OZC,Ozamiz,PH
OZG,Zagora,MA
OZH,Zaporizhia,UA
OZP,Morón,ES
OZR,Fort Rucker/Ozark,US
OZZ,Ouarzazate,MA
PAB,Bilaspur,IN
PAC,Albrook,PA
PAD,Büren,DE
PAE,Everett,US
PAG,Pagadian,PH
PAH,Paducah,US
PAL,La Dorada,CO
PAM,Panama City,US
PAO,Palo Alto,US
PAP,Port-au-Prince,HT
PAQ,Palmer,US
PAT,Patna,IN
PAV,Paulo Afonso,BR
PAX,Port-de-Paix,HT
PAZ,Poza Rica,MX
PBC,Puebla,MX
PBD,Porbandar,IN
PBF,Pine Bluff,US
PBG,Plattsburgh,US
PBH,Paro,BT
PBI,West Palm Beach,US
PBM,Zandery,SR
PBN,Port Amboim,AO
PBO,Paraburdoo,AU
PBR,Puerto Barrios,GT
PBU,Putao,MM
PBZ,Plettenberg Bay,ZA
PCF,Potchefstroom,ZA
PCL,Pucallpa,PE
PCP,São Tomé & Príncipe,ST
PCR,Puerto Carreño,CO
PDA,Puerto Inírida,CO
PDG,Padang (Katapiang),ID
PDK,Atlanta,US
PDL,Ponta Delgada,PT
PDO,Talang Gudang-Sumatra Island,ID
PDP,Punta del Este,UY
PDS,Piedras Negras,MX
PDT,Pendleton,US
PDV,Plovdiv,BG
PDX,Portland,US
PED,Pardubice,CZ
PEE,Perm,RU
PEG,Perugia (PG),IT
PEH,Pehuajó,AR
PEI,Pereira,CO
PEK,Beijing,CN
PEM,Puerto Maldonado,PE
PEN,Penang,MY
PER,Perth,AU
PES,Petrozavodsk,RU
PET,Pelotas,BR
PEV,Pécs,HU
PEW,Peshawar,PK
PEX,Pechora,RU
PEZ,Penza,RU
PFB,Passo Fundo,BR
PFO,Paphos,CY
PGA,Page,US
PGD,Punta Gorda,US
PGF,Perpignan/Rivesaltes,FR
PGH,Pantnagar,IN
PGK,Pangkal Pinang,ID
PGU,Khiyaroo,IR
PGV,Greenville,US
PGX,Périgueux/Bassillac,FR
PGZ,Ponta Grossa,BR
PHB,Parnaíba,BR
PHC,Port Harcourt,NG
PHE,Port Hedland,AU
PHF,Newport News,US
PHL,Philadelphia,US
PHS,Phitsanulok,TH
PHW,Phalaborwa,ZA
PHX,Phoenix,US
PIA,Peoria,US
PIB,Moselle,US
PIE,Pinellas Park,US
PIF,Pingtung,TW
PIH,Pocatello,US
PIK,"Prestwick, South Ayrshire",GB
PIL,Pilar,PY
PIO,Pisco,PE
PIR,Pierre,US
PIS,Poitiers/Biard,FR
PIT,Pittsburgh,US
PIU,Piura,PE
PIW,Pikwitonei,CA
PIX,Pico Island,PT
PIZ,Point Lay,US
PJC,Pedro Juan Caballero,PY
PJG,Panjgur,PK
PJM,Puerto Jimenez,CR
PKB,Parkersburg (Williamstown),US
PKC,Petropavlovsk-Kamchatsky,RU
PKE,Parkes,AU
PKR,Pokhara,NP
PKT,Wadeye,AU
PKU,Pekanbaru,ID
PKV,Pskov,RU
PKW,Selebi Phikwe,BW
PKX,Beijing,CN
PKY,Palangkaraya,ID
PKZ,Pakse,LA
PLJ,Placencia,BZ
PLL,Manaus,BR
PLM,Palembang,ID
PLN,Pellston,US
PLO,Port Lincoln,AU
PLQ,Palanga,LT
PLS,Providenciales,TC
PLU,Belo Horizonte,BR
PLW,Palu,ID
PLX,Semey,KZ
PLZ,Gqeberha (Port Elizabeth),ZA
PMA,Chake Chake,TZ
PMC,Puerto Montt,CL
PMD,Palmdale,US
PMF,Parma (PR),IT
PMG,Ponta Porã,BR
PMI,Palma de Mallorca,ES
PMO,Palermo,IT
PMQ,Perito Moreno,AR
PMR,Palmerston North,NZ
PMS,Tadmur,SY
PMV,Isla Margarita,VE
PMW,Palmas,BR
PMY,Puerto Madryn,AR
PMZ,Palmar Sur,CR
PNA,Pamplona,ES
PNB,Porto Nacional,BR
PNC,Ponca City,US
PND,Punta Gorda,BZ
PNE,Philadelphia,US
PNH,Phnom Penh (Pou Senchey),KH
PNI,Pohnpei Island,FM
PNK,Pontianak,ID
PNL,Pantelleria (TP),IT
PNP,Popondetta,PG
PNQ,Pune,IN
PNR,Pointe Noire,CG
PNS,Pensacola,US
PNT,Puerto Natales,CL
PNV,Panevėžys,LT
PNX,Denison,US
PNY,Puducherry (Pondicherry),IN
PNZ,Petrolina,BR
POA,Porto Alegre,BR
POB,Fort Bragg,US
POE,Fort Polk,US
POG,Port Gentil,GA
POI,Potosí,BO
POL,Pemba,MZ
POM,Port Moresby,PG
POO,Poços De Caldas,BR
POP,Puerto Plata,DO
POR,Pori,FI
POS,Port of Spain,TT
POT,Ken Jones,JM
POU,Poughkeepsie,US
POW,Sečovlje,SI
POX,"Cormeilles-en-Vexin, Val-d'Oise",FR
POZ,Poznań,PL
PPB,Presidente Prudente,BR
PPG,Pago Pago,AS
PPK,Petropavl,KZ
PPN,Popayán,CO
PPP,Proserpine,AU
PPS,Puerto Princesa,PH
PPT,Papeete,PF
PQC,Phu Quoc Island,VN
PQI,Presque Isle,US
PQQ,Port Macquarie,AU
PRA,Parana,AR
PRB,Paso Robles,US
PRC,Prescott,US
PRG,Prague,CZ
PRI,Praslin Island,SC
PRM,Portimão,PT
PRN,Prishtina,XK
PRV,Přerov,CZ
PRX,Paris,US
PRY,Pretoria,ZA
PSA,Pisa (PI),IT
PSC,Pasco,US
PSD,Port Said,EG
PSE,Ponce,PR
PSG,Petersburg,US
PSI,Pasni,PK
PSJ,Poso-Celebes Island,ID
PSM,Portsmouth,US
PSO,Chachagüí,CO
PSP,Palm Springs,US
PSR,Pescara,IT
PSS,Posadas,AR
PSU,Putussibau-Borneo Island,ID
PSY,Stanley,FK
PSZ,Puerto Suárez,BO
PTG,Polokwane,ZA
PTH,Port Heiden,US
PTK,Pontiac,US
PTM,Palmarito,VE
PTP,Pointe-à-Pitre,GP
PTU,Platinum,US
PTX,Pitalito,CO
PTY,Tocumen,PA
PUB,Pueblo,US
PUD,Puerto Deseado,AR
PUF,Pau/Pyrénées (Uzein),FR
PUJ,Punta Cana,DO
PUQ,Punta Arenas,CL
PUS,Busan,KR
PUT,Puttaparthi,IN
PUU,Puerto Asís,CO
PUW,Pullman,US
PUY,Pula,HR
PUZ,Puerto Cabezas,NI
PVA,Providencia,CO
PVD,Warwick,US
PVG,Shanghai (Pudong),CN
PVH,Porto Velho,BR
PVK,Preveza,GR
PVO,Portoviejo,EC
PVR,Puerto Vallarta,MX
PVS,Chukotka,RU
PVU,Provo,US
PWE,Apapelgino,RU
PWK,Chicago/Prospect Heights/Wheeling,US
PWM,Portland,US
PWQ,Pavlodar,KZ
PWT,Bremerton,US
PWY,Pinedale,US
PXM,Puerto Escondido,MX
PXO,Vila Baleira,PT
PXR,Surin,TH
PXU,Pleiku,VN
PYH,Puerto Ayacucho,VE
PYJ,Yakutia,RU
PYK,Karaj,IR
PYR,Andravida,GR
PZA,Paz De Ariporo,CO
PZB,Pietermaritzburg,ZA
PZH,Fort Sandeman,PK
PZI,Panzhihua (Renhe),CN
PZO,Puerto Ordaz-Ciudad Guayana,VE
PZS,Temuco,CL
PZU,Port Sudan,SD
PZY,Piešťany,SK
QBC,Bella Coola,CA
QCY,"Lincoln, Lincolnshire",GB
QGU,Gifu,JP
QHR,Debre Zeyit,ET
QJB,Jubail,SA
QLD,Blida,DZ
QMJ,Masjed Soleyman,IR
QNS,Porto Alegre,BR
QOW,Owerri,NG
QPG,Paya Lebar,SG
QPS,Pirassununga,BR
QRA,Johannesburg,ZA
QRO,Querétaro,MX
QRW,Okpe,NG
QSF,Sétif,DZ
QSR,Salerno,IT
QSZ,Shache,CN
QUO,Uyo,NG
QUS,Gusau,NG
RAB,Kokopo,PG
RAE,Arar,SA
RAH,Rafha,SA
RAI,Praia,CV
RAJ,Rajkot,IN
RAK,Marrakech,MA
RAL,Riverside,US
RAO,Ribeirão Preto,BR
RAP,Rapid City,US
RAR,Avarua,CK
RAS,Rasht,IR
RAZ,Rawalakot,PK
RBA,Rabat,MA
RBE,Ratanakiri,KH
RBL,Red Bluff,US
RBR,Rio Branco,BR
RBY,Ruby,US
RCA,Rapid City,US
RCB,Richards Bay,ZA
RCH,Riohacha,CO
RCO,Rochefort/Saint-Agnant,FR
RCQ,Reconquista,AR
RCU,Rio Cuarto,AR
RDD,Redding,US
RDG,Reading,US
RDL,El Hassana,EG
RDM,Redmond,US
RDO,Radom,PL
RDP,Durgapur,IN
RDR,Grand Forks,US
RDS,Rincon de los Sauces,AR
RDU,Raleigh/Durham,US
RDZ,Rodez/Marcillac,FR
REA,Reao,PF
REC,Recife,BR
REG,Reggio Calabria,IT
REL,Rawson,AR
REN,Orenburg,RU
RER,Retalhuleu,GT
RES,Resistencia,AR
REU,Reus,ES
REW,Rewa,IN
REX,Reynosa,MX
RFD,Chicago/Rockford,US
RFP,Uturoa,PF
RGA,Rio Grande,AR
RGK,Gorno-Altaysk,RU
RGL,Rio Gallegos,AR
RGN,Yangon,MM
RGO,Hoemun-ri,KP
RGS,Burgos,ES
RGT,Rengat-Sumatra Island,ID
RHD,Termas de Río Hondo,AR
RHI,Rhinelander,US
RHO,Rhodes,GR
RIA,Santa Maria,BR
RIB,Riberalta,BO
RIC,Richmond,US
RIJ,Rioja,PE
RIL,Rifle,US
RIS,Rishiri,JP
RIV,Riverside,US
RIW,Riverton,US
RIX,Riga,LV
RIY,Riyan,YE
RIZ,Rizhao (Donggang),CN
RJA,Madhurapudi,IN
RJH,Rajshahi,BD
RJK,Omišalj,HR
RJL,Logroño,ES
RJN,Rafsanjan,IR
RKD,Rockland,US
RKE,Roskilde,DK
RKS,Rock Springs,US
RKT,Ras Al Khaimah,AE
RKV,Reykjavík,IS
RKZ,Xigazê (Samzhubzê),CN
RLG,Laage,DE
RLK,Bavannur,CN
RMA,Roma,AU
RME,Rome,US
RMF,Marsa Alam,EG
RMG,Rome,US
RMI,Rimini (RN),IT
RML,Colombo,LK
RMO,Chişinău,MD
RMQ,Taichung (Qingshui),TW
RMS,Ramstein-Miesenbach,DE
RMU,Corvera,ES
RMZ,Tobolsk,RU
RNB,Ronneby,SE
RND,Universal City,US
RNE,Saint-Léger-sur-Roanne,FR
RNH,New Richmond,US
RNJ,Yoron,JP
RNN,Rønne,DK
RNO,Reno,US
RNS,"Saint-Jacques-de-la-Lande, Ille-et-Vilaine",FR
ROA,Roanoke,US
ROB,Monrovia,LR
ROC,Rochester,US
ROD,Robertson,ZA
ROI,Roi Et,TH
ROK,Rockhampton,AU
ROO,Rondonópolis,BR
ROP,Rota Island,MP
ROR,Babelthuap Island,PW
ROS,Rosario,AR
ROT,Rotorua,NZ
ROV,Rostov-on-Don,RU
ROW,Roswell,US
ROZ,Rota,ES
RPN,Rosh Pina,IL
RPR,Raipur,IN
RQA,Ruoqiang Town,CN
RQW,Qayyarah,IQ
RQY,Shimoga,IN
RRG,Port Mathurin,MU
RRK,Rourkela,IN
RRS,Røros,NO
RSA,Santa Rosa,AR
RSD,Rock Sound,BS
RSI,Hanak,SA
RSL,Russell,US
RST,Rochester,US
RSU,Yeosu,KR
RSW,Fort Myers,US
RTB,Coxen Hole,HN
RTE,São Paulo,BR
RTM,Rotterdam,NL
RUA,Arua,UG
RUG,Rugao (Nantong),CN
RUH,Riyadh,SA
RUI,Alto,US
RUN,Sainte-Marie,RE
RUT,Rutland,US
RUV,Rubelsanto,GT
RVK,Rørvik,NO
RVN,Rovaniemi,FI
RVS,Tulsa,US
RWF,Redwood Falls,US
RWI,Rocky Mount,US
RWL,Rawlins,US
RWN,Rivne,UA
RXS,Roxas City,PH
RYB,Rybinsk,RU
RYG,Oslo,NO
RYK,Rahim Yar Khan,PK
RYN,Royan/Médis,FR
RZA,Puerto Santa Cruz,AR
RZE,Jasionka,PL
RZR,Ramsar,IR
RZV,Rize,TR
SAB,Zion's Hill,BQ
SAC,Sacramento,US
SAF,Santa Fe,US
SAG,Kakadi,IN
SAH,Sanaa,YE
SAI,Siem Reap,KH
SAL,San Salvador (San Luis Talpa),SV
SAN,San Diego,US
SAP,San Pedro Sula,HN
SAQ,Andros Island,BS
SAT,San Antonio,US
SAV,Savannah,US
SAW,"Pendik, Istanbul",TR
SAY,Ampugnano (SI),IT
SBA,Santa Barbara,US
SBD,San Bernardino,US
SBH,Gustavia,BL
SBK,"Trémuson, Côtes-d'Armor",FR
SBL,Santa Ana del Yacuma,BO
SBN,South Bend,US
SBP,San Luis Obispo,US
SBT,Sabetta,RU
SBU,Springbok,ZA
SBW,Sibu,MY
SBY,Salisbury,US
SBZ,Sibiu,RO
SCC,Deadhorse,US
SCE,State College,US
SCH,Schenectady,US
SCK,Stockton,US
SCL,Santiago,CL
SCN,Saarbrücken,DE
SCO,Aktau,KZ
SCQ,Santiago de Compostela,ES
SCR,Malung-Sälen,SE
SCT,Mori,YE
SCU,Santiago,CU
SCV,Suceava,RO
SCW,Syktyvkar,RU
SDB,Langebaanweg,ZA
SDD,Lubango,AO
SDE,Santiago del Estero,AR
SDF,Louisville,US
SDJ,Natori,JP
SDK,Sandakan,MY
SDL,Sundsvall/ Härnösand,SE
SDM,San Diego,US
SDP,Sand Point,US
SDQ,Santo Domingo,DO
SDR,Santander,ES
SDS,Sado,JP
SDT,Saidu Sharif,PK
SDU,Rio de Janeiro,BR
SDW,Sindhudurg,IN
SDY,Sidney,US
SEA,Seattle,US
SEB,Sabha,LY
SEK,Srednekolymsk,RU
SEN,"Southend-on-Sea, Essex",GB
SES,Svetlogorsk,RU
SEZ,Mahe Island,SC
SFA,Sfax,TN
SFB,Orlando,US
SFD,San Fernando de Apure,VE
SFE,San Fernando,PH
SFF,Spokane,US
SFG,Grand Case,MF
SFJ,Kangerlussuaq,GL
SFN,Santa Fe,AR
SFO,San Francisco,US
SFS,Olongapo,PH
SFT,Skellefteå,SE
SGC,Surgut,RU
SGD,Sønderborg,DK
SGE,Burbach,DE
SGF,Springfield,US
SGH,Springfield,US
SGI,Sargodha,PK
SGL,Cavite,PH
SGN,Ho Chi Minh City,VN
SGR,Houston,US
SGU,St George,US
SHA,Shanghai (Minhang),CN
SHB,Nakashibetsu,JP
SHD,Weyers Cave,US
SHE,"Hunnan, Shenyang",CN
SHI,Miyakojima,JP
SHJ,Sharjah,AE
SHL,Shillong,IN
SHM,Shirahama,JP
SHO,Mpaka,SZ
SHR,Sheridan,US
SHS,Jingzhou (Shashi),CN
SHV,Shreveport,US
SHW,Sharurah,SA
SIA,Xi'an (Baqiao),CN
SID,Espargos,CV
SIG,San Juan,PR
SIJ,Siglufjörður,IS
SIN,Singapore,SG
SIP,Simferopol,UA
SIR,Sion,CH
SIS,Sishen,ZA
SIT,Sitka,US
SJC,San Jose,US
SJD,San José del Cabo,MX
SJE,San José Del Guaviare,CO
SJI,San Jose,PH
SJJ,Sarajevo,BA
SJK,São José Dos Campos,BR
SJL,São Gabriel da Cachoeira,BR
SJO,San José (Alajuela),CR
SJP,São José do Rio Preto,BR
SJT,San Angelo,US
SJU,San Juan,PR
SJW,Shijiazhuang,CN
SJX,Sartaneja,BZ
SJY,Seinäjoki / Ilmajoki,FI
SJZ,Velas,PT
SKA,Spokane,US
SKB,Basseterre,KN
SKD,Samarkand,UZ
SKE,Geiteryggen,NO
SKF,San Antonio,US
SKG,Thessaloniki,GR
SKN,Hadsel,NO
SKO,Sokoto,NG
SKP,Ilinden,MK
SKS,Vojens,DK
SKT,Sialkot,PK
SKV,Saint Catherine,EG
SKX,Saransk,RU
SKZ,Mirpur Khas,PK
SLA,Salta,AR
SLC,Salt Lake City,US
SLD,Sliač,SK
SLE,Salem,US
SLK,Saranac Lake,US
SLL,Salalah,OM
SLM,Salamanca,ES
SLN,Salina,US
SLP,San Luis Potosí,MX
SLU,Castries,LC
SLW,Saltillo,MX
SLY,Salekhard,RU
SLZ,São Luís,BR
SMA,Vila do Porto,PT
SME,Somerset,US
SMF,Sacramento,US
SMI,Samos Island,GR
SML,Stella Maris,BS
SMN,Salmon,US
SMO,Santa Monica,US
SMR,Santa Marta,CO
SMS,Vohilava,MG
SMV,Samedan,CH
SMW,Smara,EH
SMX,Santa Maria,US
SNA,Santa Ana,US
SNB,Milikapiti,AU
SNC,Salinas,EC
SNE,Preguiça,CV
SNF,San Felipe,VE
SNJ,Sandino,CU
SNN,Shannon,IE
SNP,St Paul Island,US
SNR,Saint-Nazaire/Montoir,FR
SNS,Salinas,US
SNU,Santa Clara,CU
SNW,Thandwe,MM
SNY,Sidney,US
SNZ,Rio de Janeiro,BR
SOB,Sármellék,HU
SOC,Surakarta,ID
SOF,Sofia,BG
SOJ,Sørkjosen,NO
SOM,El Tigre,VE
SON,Luganville,VU
SOO,Söderhamn,SE
SOQ,Sorong,ID
SOT,Sodankyla,FI
SOU,Southampton,GB
SOW,Show Low,US
SOZ,Solenzara,FR
SPC,"Sta Cruz de la Palma, La Palma Island",ES
SPD,Saidpur,BD
SPI,Springfield,US
SPM,Trier,DE
SPN,"I Fadang, Saipan",MP
SPP,Menongue,AO
SPR,San Pedro,BZ
SPS,Wichita Falls,US
SPU,Kaštel Štafilić,HR
SPX,Al Jiza,EG
SQD,Shangrao (Hengfeng),CN
SQG,Sintang,ID
SQJ,Sanming (Sha),CN
SQL,San Carlos,US
SQO,Storuman,SE
SQQ,Šiauliai,LT
SQW,Skive,DK
SRE,Yamparaez,BO
SRG,Semarang,ID
SRP,Leirvik,NO
SRQ,Sarasota/Bradenton,US
SRT,Soroti,UG
SRX,Sirt,LY
SRY,Sari,IR
SRZ,Santa Cruz,BO
SSA,Salvador,BR
SSC,Sumter,US
SSE,Solapur,IN
SSF,San Antonio,US
SSG,Malabo,GQ
SSH,Sharm El Sheikh,EG
SSI,St Simons Island,US
SSJ,Alstahaug,NO
SSN,Seongnam,KR
SST,Santa Teresita,AR
SSY,Mbanza Congo,AO
SSZ,Guarujá,BR
STA,Skjern,DK
STB,San Carlos del Zulia,VE
STC,Saint Cloud,US
STD,Santo Domingo,VE
STG,St George,US
STI,Santiago,DO
STJ,St Joseph,US
STL,St Louis,US
STM,Santarém,BR
STN,London,GB
STP,Saint Paul,US
STR,Stuttgart,DE
STS,Santa Rosa,US
STT,Charlotte Amalie,VI
STV,Surat,IN
STW,Stavropol,RU
STX,Christiansted,VI
STY,Salto,UY
SUB,Surabaya,ID
SUF,Lamezia Terme (CZ),IT
SUG,Surigao City,PH
SUI,Sukhumi,GE
SUJ,Satu Mare,RO
SUL,Sui,PK
SUN,Hailey,US
SUS,St Louis,US
SUU,Fairfield,US
SUV,Nausori,FJ
SUX,Sioux City,US
SVA,Savoonga,US
SVB,Sambava,MG
SVC,Silver City,US
SVD,Kingstown,VC
SVG,Stavanger,NO
SVI,San Vicente Del Caguán,CO
SVJ,Svolvær,NO
SVL,Savonlinna,FI
SVN,Savannah,US
SVO,Moscow,RU
SVP,Kuito,AO
SVQ,Sevilla,ES
SVW,Sparrevohn,US
SVX,Yekaterinburg,RU
SWA,Jieyang (Rongcheng),CN
SWD,Seward,US
SWF,Newburgh,US
SWO,Stillwater,US
SWS,Swansea,GB
SWT,Strezhevoy,RU
SWU,Suwon,KR
SWV,Evensk,RU
SXB,Strasbourg,FR
SXE,Sale,AU
SXI,Siri,IR
SXJ,Shanshan,CN
SXL,Sligo,IE
SXM,Sint Maarten,SX
SXN,Sowa,BW
SXQ,Soldotna,US
SXR,Srinagar,IN
SXV,Salem,IN
SXZ,Siirt,TR
SYA,Shemya,US
SYD,Sydney (Mascot),AU
SYJ,Sirjan,IR
SYO,Shonai,JP
SYP,Santiago,PA
SYQ,San Jose,CR
SYR,Syracuse,US
SYS,Saskylakh,RU
SYT,"L'Hôpital-le-Mercier, Saône-et-Loire",FR
SYW,Sehwan Sharif,PK
SYX,Sanya (Tianya),CN
SYY,"Stornoway, Western Isles",GB
SYZ,Shiraz,IR
SZA,Soyo,AO
SZB,Subang,MY
SZF,Samsun,TR
SZG,Salzburg,AT
SZJ,Isla de la Juventud,CU
SZK,Skukuza,ZA
SZL,Knob Noster,US
SZV,Suzhou,CN
SZX,Shenzhen (Bao'an),CN
SZY,Szymany,PL
SZZ,Glewice,PL
TAB,Scarborough,TT
TAC,Tacloban City,PH
TAE,Daegu,KR
TAF,Tafraoui,DZ
TAG,Panglao,PH
TAI,Ta'izz,YE
TAK,Takamatsu,JP
TAM,Tampico,MX
TAO,Qingdao (Jiaozhou),CN
TAP,Tapachula,MX
TAR,Grottaglie,IT
TAS,Tashkent,UZ
TAT,Poprad,SK
TAY,Reola,EE
TAZ,Daşoguz,TM
TBB,Tuy Hoa,VN
TBH,Tablas Island,PH
TBI,Cat Island,BS
TBJ,Tabarka,TN
TBN,Fort Leonard Wood,US
TBP,Tumbes,PE
TBS,Tbilisi,GE
TBT,Tabatinga,BR
TBU,Nuku'alofa,TO
TBW,Tambov,RU
TBZ,Tabriz,IR
TCA,Tennant Creek,AU
TCB,Treasure Cay,BS
TCC,Tucumcari,US
TCE,Mihail Kogălniceanu,RO
TCL,Tuscaloosa,US
TCM,Tacoma,US
TCO,Tumaco,CO
TCP,Taba,EG
TCQ,Tacna,PE
TCS,Truth or Consequences,US
TCX,Tabas,IR
TCZ,Baoshan (Tengchong),CN
TDD,Trinidad,BO
TDG,Tandag,PH
TDK,Taldykorgan,KZ
TDL,Tandil,AR
TDX,Laem Ngop,TH
TEA,Tela,HN
TEB,Teterboro,US
TEC,Telêmaco Borba,BR
TED,Thisted,DK
TEE,Tébessi,DZ
TEM,Temora,AU
TEN,Tongren (Daxing),CN
TEQ,Çorlu,TR
TER,Praia da Vitória,PT
TET,Tete,MZ
TEV,Teruel,ES
TEX,Telluride,US
TFF,Tefé,BR
TFN,Tenerife,ES
TFS,Tenerife,ES
TFU,Chengdu (Jianyang),CN
TGA,Western Water Catchment,SG
TGD,Podgorica,ME
TGG,Kuala Terengganu,MY
TGJ,Tiga,NC
TGK,Taganrog,RU
TGM,Recea,RO
TGN,Morwell,AU
TGO,Tongliao,CN
TGP,Bor,RU
TGR,Touggourt,DZ
TGT,Tanga,TZ
TGU,Tegucigalpa,HN
TGZ,Tuxtla Gutiérrez,MX
THE,Teresina,BR
THG,Biloela,AU
THL,Tachileik,MM
THN,Trollhättan,SE
THQ,Tianshui (Maiji),CN
THR,Tehran,IR
THU,Pituffik,GL
THZ,Tahoua,NE
TIA,Rinas,AL
TID,Tiaret,DZ
TIF,Ta’if,SA
TIJ,Tijuana,MX
TIK,Oklahoma City,US
TIM,Timika,ID
TIN,Tindouf,DZ
TIQ,Tinian Island,MP
TIV,Tivat,ME
TIW,Tacoma,US
TIX,Titusville,US
TJA,Tarija,BO
TJG,Tanta-Tabalong,ID
TJH,Toyooka,JP
TJI,Trujillo,HN
TJK,Tokat,TR
TJM,Tyumen,RU
TJU,Kulyab,TJ
TKA,Talkeetna,US
TKC,Tiko,CM
TKD,Sekondi-Takoradi,GH
TKF,Truckee,US
TKG,Bandar Lampung,ID
TKK,Weno Island,FM
TKN,Amagi,JP
TKS,Tokushima,JP
TKU,Turku,FI
TLC,Toluca,MX
TLE,Toliara,MG
TLH,Tallahassee,US
TLJ,Takotna,US
TLL,Tallinn,EE
TLM,Zenata,DZ
TLN,"Hyères, Var",FR
TLQ,Turpan,CN
TLS,Toulouse/Blagnac,FR
TLV,Tel Aviv,IL
TLX,Talca,CL
TMB,Miami,US
TME,Tame,CO
TMH,Tanah Merah,ID
TMJ,Termez,UZ
TML,Tamale,GH
TMM,Toamasina,MG
TMP,Tampere / Pirkkala,FI
TMR,Tamanrasset,DZ
TMS,São Tomé,ST
TMT,Oriximiná,BR
TMW,Tamworth,AU
TMX,Timimoun,DZ
TNA,Jinan (Licheng),CN
TND,Trinidad,CU
TNE,Tanegashima,JP
TNF,"Toussus-le-Noble, Yvelines",FR
TNG,Tangier,MA
TNH,Tonghua,CN
TNN,Tainan (Rende),TW
TNR,Antananarivo,MG
TNW,Ahuano,EC
TOD,Tioman Island,MY
TOE,Tozeur,TN
TOF,Tomsk,RU
TOI,Troy,US
TOJ,Madrid,ES
TOL,Toledo,US
TOM,Timbuktu,ML
TOP,Topeka,US
TOQ,Tocopilla,CL
TOS,Tromsø,NO
TOU,Touho,NC
TOY,Toyama,JP
TPA,Tampa,US
TPC,Tarapoa,EC
TPE,Taoyuan,TW
TPH,Tonopah,US
TPJ,Taplejung,NP
TPL,Temple,US
TPP,Tarapoto,PE
TPQ,Tepic,MX
TPS,Trapani (TP),IT
TQD,Al Habbaniyah,IQ
TQO,Tulum,MX
TQS,Tres Esquinas,CO
TRA,Tarama,JP
TRC,Torreón,MX
TRD,Trondheim,NO
TRE,Balemartine,GB
TRF,Torp,NO
TRG,Tauranga,NZ
TRI,Blountville,US
TRK,Tarakan,ID
TRM,Palm Springs,US
TRN,Caselle Torinese (TO),IT
TRO,Taree,AU
TRQ,Tarauacá,BR
TRR,Trincomalee,LK
TRS,Ronchi dei Legionari (GO),IT
TRT,Toraja,ID
TRU,Trujillo,PE
TRV,Thiruvananthapuram,IN
TRW,Tarawa,KI
TRZ,Tiruchirappalli,IN
TSA,Taipei (Songshan),TW
TSB,Tsumeb,NA
TSF,Treviso (TV),IT
TSJ,Tsushima,JP
TSM,Taos,US
TSN,Tianjin,CN
TSR,Timişoara,RO
TST,Trang,TH
TSV,Townsville,AU
TTA,Tan Tan,MA
TTB,Arbatax,IT
TTC,Taltal,CL
TTD,Portland,US
TTE,Sango,ID
TTG,Tartagal,AR
TTH,Thumrait,OM
TTJ,Tottori,JP
TTN,Ewing Township,US
TTT,Taitung City,TW
TTU,Tétouan,MA
TUA,Tulcán,EC
TUC,San Miguel de Tucumán,AR
TUD,Tambacounda,SN
TUF,"Tours, Indre-et-Loire",FR
TUG,Tuguegarao City,PH
TUI,Turaif,SA
TUK,Turbat,PK
TUL,Tulsa,US
TUM,Tumut,AU
TUN,Tunis,TN
TUO,Taupo,NZ
TUP,Tupelo,US
TUR,Tucuruí,BR
TUS,Tucson,US
TUU,Tabuk,SA
TUV,Tucupita,VE
TVC,Traverse City,US
TVF,Thief River Falls,US
TVL,South Lake Tahoe,US
TVY,Dawei,MM
TWF,Twin Falls,US
TWT,Bongao,PH
TWU,Tawau,MY
TWZ,Twitzel,NZ
TXC,Orsha,BY
TXE,Takengon,ID
TXK,Texarkana,US
TXN,Huangshan,CN
TYF,Torsby,SE
TYL,Talara,PE
TYM,Staniel Cay,BS
TYN,Taiyuan,CN
TYR,Tyler,US
TYS,Alcoa,US
TZA,Belize City,BZ
TZL,Dubrave Gornje,BA
TZN,Andros,BS
TZX,Trabzon,TR
UAB,Sarıçam,TR
UAI,Suai,TL
UAK,Narsarsuaq,GL
UAM,Yigo,GU
UAQ,San Juan,AR
UAR,Bouarfa,MA
UBA,Uberaba,BR
UBJ,Ube,JP
UBN,Ulaanbaatar (Sergelen),MN
UBP,Ubon Ratchathani,TH
UCB,Ulanqab,CN
UCT,Ukhta,RU
UDE,Uden,NL
UDI,Uberlândia,BR
UDJ,Uzhhorod,UA
UDR,Udaipur,IN
UEL,Quelimane,MZ
UEO,Kumejima,JP
UET,Quetta,PK
UFA,Ufa,RU
UGA,Bulgan,MN
UGC,Urgench,UZ
UGO,Uige,AO
UGU,Sugapa,ID
UHE,Uherské Hradiště,CZ
UIB,Quibdó,CO
UIH,Quy Nohn,VN
UIN,Quincy,US
UIO,Quito,EC
UIP,Quimper/Pluguffan,FR
UKB,Kobe,JP
UKI,Ukiah,US
UKK,Ust-Kamenogorsk (Oskemen),KZ
UKS,Sevastopol,UA
UKX,Ust-Kut,RU
ULA,San Julian,AR
ULD,Ulundi,ZA
ULH,Al Ula,SA
ULK,Lensk,RU
ULN,Ulaanbaatar,MN
ULQ,Tuluá,CO
ULU,Gulu,UG
ULV,Ulyanovsk,RU
ULY,Cherdakly,RU
UMB,Kalumbila,ZM
UME,Umeå,SE
UND,Kunduz,AF
UNI,Union Island,VC
UNK,Unalakleet,US
UNN,Ranong,TH
UOX,Oxford,US
UPB,Havana,CU
UPG,Ujung Pandang,ID
UPL,Upala,CR
UPN,Uruapan,MX
URA,Uralsk,KZ
URC,Ürümqi,CN
URE,Kuressaare,EE
URG,Uruguaiana,BR
URJ,Uray,RU
URO,Boos,FR
URS,Kursk,RU
URT,Surat Thani,TH
URY,Gurayat,SA
USA,Concord,US
USH,Ushuaia,AR
USK,Usinsk,RU
USM,Na Thon (Ko Samui Island),TH
USN,Ulsan,KR
USQ,Uşak,TR
USR,Ust-Nera,RU
UST,St Augustine,US
USU,Coron,PH
UTH,Udon Thani,TH
UTI,Utti / Valkeala,FI
UTN,Upington,ZA
UTO,Utopia Creek,US
UTP,Rayong,TH
UTS,Ust-Tsylma,RU
UTT,Mthatha,ZA
UTW,Queenstown,ZA
UUA,Bugulma,RU
UUD,Ulan Ude,RU
UUS,Yuzhno-Sakhalinsk,RU
UVE,Ouvéa,NC
UVF,Vieux Fort,LC
UYL,Nyala,SD
UZC,Stapari,RS
UZU,Curuzu Cuatia,AR
VAA,Vaasa,FI
VAD,Valdosta,US
VAF,"Chabeuil, Drôme",FR
VAG,Varginha,BR
VAI,Vanimo,PG
VAM,Maamigili,MV
VAN,Van,TR
VAQ,Vanavara,RU
VAR,Varna,BG
VAV,Vava'u Island,TO
VAW,Vardø,NO
VBG,Lompoc,US
VBS,Montichiari (BS),IT
VBY,Visby,SE
VCA,Can Tho,VN
VCE,Venezia (VE),IT
VCP,Campinas,BR
VCS,Con Dao,VN
VCT,Victoria,US
VDB,Fagernes,NO
VDC,Vitória da Conquista,BR
VDE,El Hierro Island,ES
VDH,Dong Hoi,VN
VDM,Viedma / Carmen de Patagones,AR
VDO,Van Don,VN
VDR,Villa Dolores,AR
VDS,Vadsø,NO
VDZ,Valdez,US
VEL,Vernal,US
VEO,Severo-Yeniseysk,RU
VER,Veracruz,MX
VEY,Vestmannaeyjar,IS
VFA,Victoria Falls,ZW
VGA,Gannavaram,IN
VGD,Vologda,RU
VGO,Vigo,ES
VGT,Las Vegas,US
VHC,Saurimo,AO
VHM,Vilhelmina,SE
VHY,"Charmeil, Allier",FR
VIE,Vienna,AT
VIG,El Vigía,VE
VII,Vinh,VN
VIL,Dakhla,EH
VIN,Vinnitsa,UA
VIP,Payerne,CH
VIR,Durban,ZA
VIS,Visalia,US
VIT,Alava,ES
VIX,Vitória,BR
VIY,"Vélizy-Villacoublay, Yvelines",FR
VKG,Rach Gia,VN
VKO,Moscow,RU
VKT,Vorkuta,RU
VKV,Arkhangelsk,RU
VLC,Valencia,ES
VLD,Valdosta,US
VLG,Villa Gesell,AR
VLI,Port Vila,VU
VLL,Valladolid,ES
VLM,Villamontes,BO
VLN,Valencia,VE
VLR,Vallenar,CL
VLV,Valera,VE
VLY,Angelsey,GB
VME,Villa Mercedes,AR
VMI,Puerto Vallemi,PY
VMU,Baimuru,PG
VNE,Vannes/Meucon,FR
VNO,Vilnius,LT
VNS,Varanasi,IN
VNX,Vilanculo,MZ
VNY,Van Nuys,US
VOD,Vodochody,CZ
VOG,Volgograd,RU
VOH,Vohemar,MG
VOK,Camp Douglas,US
VOL,Nea Anchialos,GR
VOZ,Voronezh,RU
VPE,Ngiva,AO
VPS,Valparaiso,US
VPY,Chimoio,MZ
VPZ,Valparaiso,US
VQQ,Jacksonville,US
VQS,Vieques,PR
VRA,Matanzas,CU
VRB,Vero Beach,US
VRC,Virac,PH
VRE,Vredendal,ZA
VRK,Varkaus / Joroinen,FI
VRL,Vila Real,PT
VRN,Caselle (VR),IT
VRO,Santa Marta,CU
VRU,Vyrburg,ZA
VSA,Villahermosa,MX
VSE,Viseu,PT
VST,Stockholm / Västerås,SE
VTB,Vitebsk,BY
VTE,Vientiane,LA
VTM,Beersheba,IL
VTN,Valentine,US
VTU,Las Tunas,CU
VTZ,Visakhapatnam,IN
VUP,Valledupar,CO
VUS,Velikiy Ustyug,RU
VVC,Villavicencio,CO
VVI,Santa Cruz,BO
VVO,Artyom,RU
VVZ,Illizi,DZ
VXC,Lichinga,MZ
VXE,São Pedro,CV
VXO,Växjö,SE
VYI,Vilyuisk,RU
WAE,Wadi Al Dawasir,SA
WAG,Wanganui,NZ
WAI,Antsohihy,MG
WAT,Waterford,IE
WAW,Warsaw,PL
WBG,Jagel,DE
WBM,Wapenamanda,PG
WCH,Chaitén,CL
WDH,Windhoek,NA
WDS,Shiyan (Maojian),CN
WEF,Weifang (Kuiwen),CN
WEH,Weihai,CN
WEI,Weipa,AU
WFI,Fianarantsoa,MG
WGA,Forest Hill,AU
WGN,Shaoyang (Wugang),CN
WGT,Laceby,AU
WHA,Wuhu,CN
WHN,Wuhan (Hannan),CN
WIC,Wick,GB
WIE,Wiesbaden,DE
WIL,Nairobi,KE
WIR,Wairoa,NZ
WJF,Lancaster,US
WJR,Wajir,KE
WJU,Wonju,KR
WKA,Wanaka,NZ
WKF,Pretoria,ZA
WKJ,Wakkanai,JP
WKK,Aleknagik,US
WLG,Wellington,NZ
WLS,Wallis Island,WF
WMC,Winnemucca,US
WMH,Mountain Home,US
WMI,Nowy Dwór Mazowiecki,PL
WMN,Maroantsetra,MG
WMR,Mananara Nord,MG
WMT,Zunyi,CN
WMX,Wamena,ID
WNI,Wangi-wangi Island,ID
WNP,Naga,PH
WNR,Windorah,AU
WNS,Nawabashah,PK
WNZ,Wenzhou (Longwan),CN
WOE,Hoogerheide,NL
WOL,Albion Park Rail,AU
WOS,Wonsan,KP
WPC,Pincher Creek,CA
WPR,Porvenir,CL
WPU,Puerto Williams,CL
WRB,Warner Robins,US
WRE,Whangarei,NZ
WRG,Wrangell,US
WRI,Wrightstown,US
WRL,Worland,US
WRO,Wrocław,PL
WRT,Warton,GB
WST,Westerly,US
WSZ,Westport,NZ
WTB,Toowoomba,AU
WTN,"Lincoln, Lincolnshire",GB
WUH,Wuhan (Huangpi),CN
WUS,Wuyishan,CN
WUU,Wau,SS
WUX,Wuxi,CN
WUZ,Tangbu,CN
WVB,Rooikop,NA
WVK,Manakara,MG
WWA,Wasilla,US
WWD,Wildwood,US
WWK,Wewak,PG
WWR,Woodward,US
WWY,West Wyalong,AU
WYA,Whyalla,AU
WYE,Yengema,SL
WYS,West Yellowstone,US
XAI,Xinyang,CN
XAP,Chapecó,BR
XBJ,Birjand,IR
XCH,Flying Fish Cove,CX
XCR,Bussy-Lettrée,FR
XEN,Huludao (Xingcheng),CN
XFN,Xiangyang (Xiangzhou),CN
XFW,Hamburg,DE
XGN,Xangongo,AO
XIC,Liangshan (Xichang),CN
XIJ,Ahmed Al Jaber AB,KW
XIL,Xilinhot,CN
XIY,Xianyang (Weicheng),CN
XJD,Ar Rayyan,QA
XJM,Mangla,PK
XKS,Kasabonika,CA
XLS,Saint Louis,SN
XMN,Xiamen,CN
XMS,Macas,EC
XNA,Fayetteville/Springdale/Rogers,US
XNH,Nasiriyah,IQ
XNN,Haidong (Huzhu Tu Autonomous County),CN
XPL,Palmerola,HN
XQP,Quepos,CR
XQU,Qualicum Beach,CA
XRH,Richmond,AU
XRR,Ross River,CA
XRY,Jerez de la Frontera,ES
XSB,Sir Bani Yas,AE
XSC,South Caicos,TC
XSP,Seletar,SG
XTG,Thargomindah,AU
XUZ,Xuzhou,CN
XWA,Williston,US
YAA,Anahim Lake,CA
YAG,Fort Frances,CA
YAH,La Grande-4,CA
YAI,Chillan,CL
YAK,Yakutat,US
YAM,Sault Ste Marie,CA
YAO,Yaoundé,CM
YAP,Yap Island,FM
YAY,St. Anthony,CA
YAZ,Tofino,CA
YBC,Baie-Comeau,CA
YBG,La Baie,CA
YBK,Baker Lake,CA
YBL,Campbell River,CA
YBP,Yibin (Cuiping),CN
YBR,Brandon,CA
YBX,Blanc-Sablon,CA
YBY,Bonnyville,CA
YCB,Cambridge Bay,CA
YCC,Cornwall,CA
YCD,Nanaimo,CA
YCE,Huron Park,CA
YCG,Castlegar,CA
YCH,Miramichi,CA
YCL,Charlo,CA
YCM,Niagara-on-the-Lake,CA
YCN,Cochrane,CA
YCQ,Chetwynd,CA
YCU,Yuncheng (Yanhu),CN
YDA,Dawson City,CA
YDB,Burwash Landing,CA
YDF,Deer Lake,CA
YDG,Digby,CA
YDN,Dauphin,CA
YDO,Dolbeau-Saint-Felicien,CA
YDQ,Dawson Creek,CA
YDT,Delta,CA
YEC,Yecheon-ri,KR
YEG,Edmonton,CA
YEI,Yenişehir,TR
YEL,Elliot Lake,CA
YEM,Sheguiandah,CA
YEN,Estevan,CA
YEO,"Yeovil, Somerset",GB
YES,Yasuj,IR
YET,Edson,CA
YEV,Inuvik,CA
YEY,Amos,CA
YFB,Iqaluit,CA
YFC,Fredericton,CA
YFE,Forestville,CA
YFR,Fort Resolution,CA
YFS,Fort Simpson,CA
YGJ,Yonago,JP
YGK,Kingston,CA
YGL,La Grande Rivière,CA
YGM,Gimli,CA
YGP,Gaspé,CA
YGQ,Geraldton,CA
YGR,Les Îles-de-la-Madeleine,CA
YGV,Havre-Saint-Pierre,CA
YGW,Kuujjuarapik,CA
YHD,Dryden,CA
YHF,Hearst,CA
YHM,Hamilton,CA
YHN,Hornepayne,CA
YHT,Haines Junction,CA
YHU,Montréal,CA
YHY,Hay River,CA
YHZ,Halifax,CA
YIA,Yogyakarta,ID
YIB,Atikokan,CA
YIC,Yichun,CN
YIE,Arxan,CN
YIF,St-Augustin,CA
YIH,Yichang (Xiaoting),CN
YIP,Detroit,US
YIV,Island Lake,CA
YIW,Jinhua (Yiwu),CN
YJF,Fort Liard,CA
YJN,St Jean,CA
YJT,Stephenville,CA
YKA,Kamloops,CA
YKD,Kincardine,CA
YKF,Breslau,CA
YKH,Yingkou (Laobian),CN
YKJ,Key Lake,CA
YKL,Schefferville,CA
YKM,Yakima,US
YKN,Yankton,US
YKO,Hakkari,TR
YKS,Yakutsk,RU
YKX,Kirkland Lake,CA
YKY,Kindersley,CA
YLD,Chapleau,CA
YLI,Ylivieska,FI
YLJ,Meadow Lake,CA
YLK,Barrie,CA
YLL,Lloydminster,CA
YLR,Leaf Rapids,CA
YLT,Alert,CA
YLW,Kelowna,CA
YLX,Yùlín,CN
YLY,Langley,CA
YMA,Mayo,CA
YME,Matane,CA
YMG,Manitouwadge,CA
YMJ,Moose Jaw,CA
YML,Charlevoix,CA
YMM,Fort McMurray,CA
YMO,Moosonee,CA
YMS,Yurimaguas,PE
YMT,Chibougamau,CA
YMX,Montréal,CA
YNA,Natashquan,CA
YNB,Yanbu,SA
YND,Gatineau,CA
YNG,Youngstown/Warren,US
YNJ,Yanji,CN
YNL,Points North Landing,CA
YNM,Matagami,CA
YNT,Yantai,CN
YNY,Gonghang-ro,KR
YNZ,Yancheng (Tinghu),CN
YOA,Ekati,CA
YOD,Cold Lake,CA
YOJ,High Level,CA
YOL,Yola,NG
YOO,Oshawa,CA
YOP,Rainbow Lake,CA
YOS,Owen Sound,CA
YOW,Ottawa,CA
YPA,Prince Albert,CA
YPE,Peace River,CA
YPG,Portage la Prairie,CA
YPL,Pickle Lake,CA
YPN,Port-Menier,CA
YPQ,Peterborough,CA
YPR,Prince Rupert,CA
YPS,Port Hawkesbury,CA
YPW,Powell River,CA
YPX,Puvirnituq,CA
YPY,Fort Chipewyan,CA
YPZ,Burns Lake,CA
YQA,Gravenhurst,CA
YQB,Quebec,CA
YQD,The Pas,CA
YQF,Springbrook,CA
YQG,Windsor,CA
YQH,Watson Lake,CA
YQI,Yarmouth,CA
YQK,Kenora,CA
YQL,Lethbridge,CA
YQM,Moncton,CA
YQN,Nakina,CA
YQQ,Comox,CA
YQR,Regina,CA
YQS,St Thomas,CA
YQT,Thunder Bay,CA
YQU,Grande Prairie,CA
YQV,Yorkton,CA
YQW,North Battleford,CA
YQX,Gander,CA
YQY,Sydney,CA
YQZ,Quesnel,CA
YRB,Resolute Bay,CA
YRI,Rivière-du-Loup,CA
YRJ,Roberval,CA
YRL,Red Lake,CA
YRO,Ottawa,CA
YRQ,Trois-Rivières,CA
YRT,Rankin Inlet,CA
YRV,Revelstoke,CA
YSB,Sudbury,CA
YSC,Sherbrooke,CA
YSF,Stony Rapids,CA
YSH,Smiths Falls,CA
YSJ,Saint John,CA
YSL,Saint-Léonard,CA
YSM,Fort Smith,CA
YSN,Salmon Arm,CA
YSP,Marathon,CA
YSQ,Qian Gorlos Mongol Autonomous County,CN
YSU,Slemon Park,CA
YTA,Pembroke,CA
YTD,Thicket Portage,CA
YTF,Alma,CA
YTH,Thompson,CA
YTM,La Macaza,CA
YTR,Trenton,CA
YTS,Timmins,CA
YTY,Yangzhou,CN
YTZ,Toronto,CA
YUA,Chuxiong (Yuanmou),CN
YUL,Montréal,CA
YUM,Yuma,US
YUS,Yushu (Batang),CN
YUX,Sanirajak,CA
YUY,Rouyn-Noranda,CA
YVB,Bonaventure,CA
YVC,La Ronge,CA
YVE,Vernon,CA
YVO,Val-d'Or,CA
YVP,Kuujjuaq,CA
YVQ,Norman Wells,CA
YVR,Vancouver,CA
YVV,Wiarton,CA
YWA,Petawawa,CA
YWG,Winnipeg,CA
YWK,Wabush,CA
YWL,Williams Lake,CA
YWY,Wrigley,CA
YXC,Cranbrook,CA
YXE,Saskatoon,CA
YXH,Medicine Hat,CA
YXJ,Fort Saint John,CA
YXK,Rimouski,CA
YXL,Sioux Lookout,CA
YXQ,Beaver Creek,CA
YXR,Earlton,CA
YXS,Prince George,CA
YXT,Terrace,CA
YXU,London,CA
YXX,Abbotsford,CA
YXY,Whitehorse,CA
YXZ,Wawa,CA
YYA,Yueyang (Yueyanglou),CN
YYB,North Bay,CA
YYC,Calgary,CA
YYD,Smithers,CA
YYE,Fort Nelson,CA
YYF,Penticton,CA
YYG,Charlottetown,CA
YYJ,Victoria,CA
YYL,Lynn Lake,CA
YYN,Swift Current,CA
YYQ,Churchill,CA
YYR,Goose Bay,CA
YYT,St. John's,CA
YYU,Kapuskasing,CA
YYW,Armstrong,CA
YYY,Mont-Joli,CA
YYZ,Toronto,CA
YZA,Cache Creek,CA
YZE,Gore Bay,CA
YZF,Yellowknife,CA
YZH,Slave Lake,CA
YZP,Sandspit,CA
YZR,Sarnia,CA
YZS,Coral Harbour,CA
YZT,Port Hardy,CA
YZU,Whitecourt,CA
YZV,Sept-Îles,CA
YZW,Teslin,CA
YZX,Greenwood,CA
ZAD,Zemunik Donji (Zadar),HR
ZAG,Velika Gorica,HR
ZAH,Zahedan,IR
ZAL,Valdivia,CL
ZAM,Zamboanga,PH
ZAO,Cahors/Lalbenque,FR
ZAR,Zaria,NG
ZAZ,Zaragoza,ES
ZBF,South Tetagouche,CA
ZBM,Bromont,CA
ZBR,Konarak,IR
ZCL,Zacatecas,MX
ZCO,Temuco,CL
ZEC,Secunda,ZA
ZEL,Bella Bella,CA
ZER,Ziro,IN
ZFA,Faro,CA
ZGF,Grand Forks,CA
ZGU,Gaua Island,VU
ZHA,Zhanjiang,CN
ZHY,Zhongwei (Shapotou),CN
ZIA,Moscow,RU
ZIC,Victoria,CL
ZIG,Ziguinchor,SN
ZIH,Ixtapa,MX
ZIX,Zhigansk,RU
ZJG,Jenpeg,CA
ZJN,Swan River,CA
ZKP,Zyryanka,RU
ZLO,Manzanillo,MX
ZMT,Masset,CA
ZND,Zinder,NE
ZNE,Newman,AU
ZNZ,Zanzibar,TZ
ZOS,Osorno,CL
ZQN,Queenstown,NZ
ZQZ,Zhangjiakou,CN
ZRH,Zurich,CH
ZRI,Serui,ID
ZSA,San Salvador,BS
ZSE,Saint-Pierre,RE
ZSJ,Sandy Lake,CA
ZST,Stewart,CA
ZTH,Zakynthos,GR
ZTU,Zaqatala,AZ
ZUC,Ignace,CA
ZUH,Zhuhai (Jinwan),CN
ZVA,Miandrivazo,MG
ZXT,Zabrat,AZ
ZYI,Zunyi,CN
ZYL,Sylhet,BD
ZZU,Mzuzu,MW
ZZV,Zanesville,US
,,
,,
,,
,,
,,
,,
,,
,,
,,
,,
,,
,,
,,
,,
,,
,,
,,
,,
,,
,,
,,
,,
,,
,,
,,
,,
,,
,,
,,
,,
,,
,,
,,
,,
,,
,,
,,
,,
,,
,,
,,
,,
,,
,,
,,
,,
,,
,,
,,
,,
,,
,,
,,
,,
,,
,,
,,
,,
,,
,,
,,
,,
,,
,,
,,
,,
,,
,,
,,
,,
,,
,,
,,
,,
,,
,,
,,
,,
,,
,,
,,
,,
,,
,,
,,
,,
,,
,,
,,
,,
,,
,,
,,
,,
,,
,,
,,
,,
,,
,,
,,
,,
,,
,,
,,
,,
,,
,,
,,
,,
,,
,,
,,
,,
,,
,,
,,
,,
,,
,,
,,
,,
,,
,,
,,
,,
,,
,,
,,
,,
,,
,,
,,
,,
,,
,,
,,
,,
,,
,,
,,
,,
,,
,,
,,
,,
,,
,,CN
,Hohhot,CN
,Shuozhou,CN
,Beijing,CN
,Jinghai,CN
,Lüliang,CN
,,CN
,Yongning,CN
,Tangshan,CN
,Chengdu (Qingyang),CN
,Chongqing,CN
,Qujing (Luliang),CN
,Honghe,CN
,Chengdu (Qionglai),CN
,,CN
,Dali (Xiangyun),CN
,Ningming,CN
,Changsha (Tianxin),CN
,Yichang (Dangyang),CN
,Ledong (Da'anzhen),CN
,Guiping (Guigang),CN
,Lingao (Jialai),CN
,,CN
,Lingshui (Huayuan),CN
,Shangqiu,CN
,Zhengzhou,CN
,Zhanjiang (Suixi),CN
,"Xintai, Tai'an",CN
,Xiaogan (Xiaonan),CN
,Cangzhou,CN
,Qingdao (Jiaozhou),CN
,Hengshui,CN
,Kaifeng,CN
,Yantai,CN
,Xuchang (Pingdingshan),CN
,Xuzhou,CN
,Weifang (Zhucheng),CN
,Baoji (Fengxiang),CN
,Hainan (Gonghe),CN
,Huludao,CN
,Lanzhou (Yuzhong),CN
,Dingxi (Lintao),CN
,Jiuquan (Suzhou),CN
,Ürümqi,CN
,"Hoxud, Bayingolin",CN
,Xianyang (Wugong),CN
,Ashilixiang,CN
,Wuwei,CN
,Xi'an (Huyi),CN
,Ganzhou,CN
,"Yizhou, Hami",CN
,Xi'an (Yanliang),CN
,Zhoushan,CN
,Hefei,CN
,Fuzhou (Cangshan),CN
,Quanzhou (Huian),CN
,Hangzhou,CN
,"Xiuzhou, Hangzhou",CN
,Fuzhou (Fuqing),CN
,Nanchang,CN
,Ningbo,CN
,Shanghai (Baoshan),CN
,Yichun,CN
,Changchun,CN
,Jiuquan (Jinta),CN
,"Xihe, Fuxin",CN
,Siping,CN
,"Qinghe, Tieling",CN
,Harbin,CN
,Chengde,CN
,"Huanggu, Shenyang",CN
,"Yuhong, Shenyang",CN
,Siping,CN
,Huludao (Suizhong),CN
,Dalian (Lüshunkou),CN
,Suzhou,CN
,Anji,CN
,Jiuzhou,CN
,Wuhan (Xinzhou),CN
,Wuhan,CN
,Shaoyang (Shaodong),CN
,,CN
,Jining,CN
,Dalian (Jinzhou),CN
,,CA
,Winnipeg/Saint Andrews,CA
,Lac Du Bonnet,CA
,Nipawin,CA
,Calgary,CA
,Blue River,CA
,Midland,CA
,Goderich,CA
,Golden,CA
,Nejanilini Lake,CA
,Pitt Meadows,CA
,Ottawa,CA
,Saint-Georges,CA
,Virden,CA
,Mackenzie,CA
,Boufarik,DZ
,Relizane,DZ
,Ho,GH
,Yenagoa,NG
,Borj Challouf,TN
,Remada,TN
,Idlès,DZ
,Beauvechain,BE
,Kleine Brogel,BE
,Chièvres,BE
,Koksijde,BE
,Florennes,BE
,Rothenburg/Oberlausitz,DE
,Egelsbach,DE
,Mainz,DE
,Bamberg,DE
,Donaueschingen,DE
,Schwäbisch Hall,DE
,Straguth,DE
,Keila,EE
,Helsinki (Pyhtää),FI
,Bilbeis,EG
,Chivenor,GB
,"Salisbury, Wiltshire",GB
,Helston,GB
,"St Athan, Vale of Glamorgan",GB
,"Alton, Hampshire",GB
,Spadeadam,GB
,"Shrewsbury, Shropshire",GB
,"Bedford, Bedfordshire",GB
,"Ipswich, Suffolk",GB
,Cosford,GB
,"Northallerton, North Yorkshire",GB
,"Tadcaster, North Yorkshire",GB
,"Peterborough, Cambridgeshire",GB
,"Thirsk, North Yorkshire",GB
,"Sleaford, Lincolnshire",GB
,"Grantham, Lincolnshire",GB
,Weert,NL
,Arnhem,NL
,Baldonnel,IE
,Leixlip,IE
,Kolding / Vamdrup,DK
,Siemirowice,PL
,Dęblin,PL
,,PL
,Poznań,PL
,Łask,PL
,Leźnica Wielka,PL
,Królewo,PL
,Mirosławiec,PL
,,PL
,Powidz,PL
,,PL
,Nowy Glinnik,PL
,Folgueroles,ES
,Linköping,SE
,Råda,SE
,Såtenäs,SE
,Ljungbyhed,SE
,Bückeburg,DE
,,DE
,Laupheim,DE
,Niederstetten,DE
,Faßberg,DE
,Grafenwöhr,DE
,Hohenfels,DE
,Diepholz,DE
,Hohn,DE
,Nörvenich,DE
,Wittmund,DE
,,DE
,Alflen,DE
,Holzdorf,DE
,Graben,DE
,Neuburg an der Donau,DE
,Jēkabpils,LV
,Tukums,LV
,Kėdainiai,LT
,Šiauliai,LT
,Umjindi (Barberton),ZA
,Ermelo,ZA
,Silveroaks,ZA
,Polokwane,ZA
,Rustenburg,ZA
,Saldanha-Vredenburg,ZA
,Pretoria,ZA
,Vereeniging,ZA
,Cape Town,ZA
,Lusaka,ZM
,Ndola,ZM
,Wadi Doum,TD
,Mutoko,ZW
,Mariental,NA
,Lumwe,CD
,Ozurgeti,GE
,Senaki,GE
,Tanta,EG
,Markaz Ad Delingat,EG
,Mansoura,EG
,Abu Suwayr,EG
,Bilbeis,EG
,Quesna,EG
,El Nozha,EG
,Bani Sweif,EG
,Cairo,EG
,Abu El Matamir,EG
,Ismailia,EG
,Nanyuki,KE
,Nairobi,KE
,,LY
,Bombah,LY
,,LY
,Higleig,SS
,Geneina,SD
,Kalocsa,HU
,Nabire,ID
,Padang,ID
,Sintang,ID
,Bengaluru,IN
,Yavatmal,IN
,Anah,IQ
,,IQ
,,IQ
,,IQ
,,IQ
,Jalibah,IQ
,,IQ
,,IQ
,Baghdad,IQ
,,IQ
,,IQ
,,IQ
,Dhuluiya,IQ
,,IQ
,,IQ
,,IQ
,Tarom Rural District,IR
,Al-Jafr,JO
,Wills Point,US
,Andalusia/Opp,US
,Arlington,US
,New Braunfels,US
,Camarillo,US
,Alabaster,US
,Jalal-Abad,KG
,Fort Drum,US
,Mary Esther,US
,San Marcos,US
,Richmond,US
,Jackson,US
,Smithfield,US
,Midlothian/Waxahachie,US
,Bakersfield,US
,Monticello,US
,Mc Minnville,US
,Beaufort,US
,Jacksonville,US
,Milton,US
,Oceanside,US
,China Lake,US
,Cherry Point,US
,Lauderdale,US
,Twentynine Palms,US
,Haeju,KP
,Kwaksan,KP
,Koksan,KP
,Hwangju,KP
,Sunchon,KP
,Tŏksan-dong,KP
,Kimhyonggwon,KP
,Changjin,KP
,Riwon-gun,KP
,Kwail,KP
,Pyongyang (Ryokpo),KP
,Koksan,KP
,Port Clinton,US
,Andrews,US
,Atlanta,US
,Los Alamitos,US
,Sonora,US
,Bryant,US
,Titusville,US
,Salt Lake City,US
,Aurora,US
,Clarksville,US
,Cocoa Beach,US
,Groom Lake,US
,Kurchatov,KZ
,Zhangiztobe,KZ
,Semey,KZ
,Kuçovë,AL
,Graf Ignatievo,BG
,Dolna Mitropoliya,BG
,Balchik,BG
,Madrid,ES
,Armilla,ES
,Getafe,ES
,Alcantarilla,ES
,"Monchy-Lagache, Somme",FR
,Prouvy,FR
,"Glisy, Somme",FR
,Cazaux (La Teste-de-Buch),FR
,Toulouse/Francazal,FR
,Mont-de-Marsan,FR
,Saint-Girons/Antichan,FR
,Arcachon/La Teste-de-Buch,FR
,Auch/Lamothe,FR
,Sommedieue,FR
,"Fragnes-la-Loyère, Saône-et-Loire",FR
,Annemasse,FR
,"Charnay-lès-Mâcon, Saône-et-Loire",FR
,"Le Cannet-des-Maures, Var",FR
,"Istres, Bouches-du-Rhône",FR
,"Orange, Vaucluse",FR
,Alès/Deaux,FR
,Salon,FR
,Avord,FR
,"Châteaudun, Eure-et-Loir",FR
,Buigny-Saint-Maclou,FR
,"Boulay-les-Barres, Loiret",FR
,"Moissy-Cramayel, Seine-et-Marne",FR
,"Barberey-Saint-Sulpice, Aube",FR
,Rouvres-en-Woëvre,FR
,Bourscheid,FR
,Charleville-Mézières,FR
,"Frotey-lès-Vesoul, Haute-Saône",FR
,Lanvéoc/Poulmic,FR
,Saint-Dizier,FR
,Courcelles-lès-Montbéliard,FR
,Thuilley-aux-Groseilles,FR
,Saint-Sauveur,FR
,Ambérieu,FR
,Elefsina,GR
,Tanagra,GR
,Kecskemét,HU
,Pér,HU
,Szolnok,HU
,Taszár,HU
,Tököl,HU
,San Giovanni Rotondo (FG),IT
,Gioia del Colle (BA),IT
,Palermo,IT
,Trento (TN),IT
,Cerrione (BI),IT
,Vercelli (VC),IT
,Venegono Superiore (VA),IT
,Torino (TO),IT
,Cameri (NO),IT
,Novi Ligure (AL),IT
,San Damiano (PC),IT
,Cervia (RA),IT
,Codroipo (UD),IT
,Ghedi (BS),IT
,Istrana (TV),IT
,Padova (PD),IT
,Sarzana (SP),IT
,Pomezia,IT
,Guidonia,IT
,Latina,IT
,Caserta,IT
,Rome,IT
,Viterbo,IT
,Cerklje ob Krki,SI
,Chotusice,CZ
,Prague,CZ
,Plzen,CZ
,Sedlec,CZ
,Rehovot,IL
,Haifa,IL
,Wiener Neustadt,AT
,Zeltweg,AT
,Castelo Branco,PT
,Évora,PT
,Montijo,PT
,Ovar,PT
,Ponte de Sor,PT
,Sintra,PT
,Tancos,PT
,Maia,PT
,Ianca,RO
,Borcea,RO
,Boboc,RO
,Câmpia Turzii,RO
,La Chaux-de-Fonds,CH
,Alpnach,CH
,Zurich,CH
,Grenchen,CH
,Ankara,TR
,Sivrihisar,TR
,Akhisar,TR
,"Ümraniye, Istanbul",TR
,Mărculeşti,MD
,Cahul,MD
,Tiraspol,MD
,Kuchyňa,SK
,,EH
,San Isidro,DO
,Cabo San Lucas,MX
,Tuxtla Gutiérrez,MX
,Dalanjargalan,MN
,Roxana,CR
,Vingt Cinq,MU
,San Nicolás de Bari,CU
,Bocoyna,MX
,Zumpango,MX
,,BS
,Amundsen-Scott South Pole Station,AQ
,McMurdo Station,AQ
,,NZ
,Sitrah,BH
,Jeddah,SA
,Al Mishab,SA
,Ras Tanura,SA
,Riyadh,SA
,As Saffaniyah,SA
,Esfahan,IR
,Karaj,IR
,Al Azraq,JO
,Al Damaikhi,KW
,Rayak,LB
,Ras ar Ruays,OM
,Washuk,PK
,Gwadar,PK
,Lahore,PK
,Karachi,PK
,Shorkot,PK
,Risalpur,PK
,Karachi,PK
,Al Bakr,IQ
,Tikrit,IQ
,Tall Afar,IQ
,Taji,IQ
,Al Kut,IQ
,Abu ad Duhur,SY
,,SY
,Buraq,SY
,Al-Qusayr,SY
,Al Anad,YE
,Birchwood,US
,Clear,US
,Kake,US
,M'lang,PH
,Coronel Oviedo,PY
,Mayor Infante Rivarola,PY
,Kaohsiung (Gangshan),TW
,Pingtung,TW
,Longtan,TW
,Taitung City,TW
,Chitose,JP
,Betsukai,JP
,Obihiro,JP
,Ashiya,JP
,Kanoya,JP
,Tsuiki,JP
,Hamamatsu,JP
,Yaizu,JP
,Hofu,JP
,Yao,JP
,Ishinomaki,JP
,Tateyama,JP
,Chofu,JP
,Sayama,JP
,Kisarazu,JP
,Matsudo,JP
,Utsunomiya,JP
,Pyeongtaek,KR
,,JP
,Itbayat,PH
,General Santos City,PH
,St. Petersburg,RU
,Bada,RU
,Balashov,RU
,Borisoglebsk,RU
,Bologoye,RU
,Lipetsk,RU
,Buturlinovka,RU
,Borzya,RU
,Kaliningrad,RU
,Irkutsk,RU
,Sarov,RU
,Yamburg,RU
,Chernyakhovsk,RU
,Ostrov,RU
,Pribilovo,RU
,Krasnodar,RU
,Kinel,RU
,Budyonnovsk,RU
,Chernigovka,RU
,Mozdok,RU
,Taganrog,RU
,Nizhniy Novgorod,RU
,Dubrovka,RU
,Millerovo,RU
,Astrakhan,RU
,Znamensk,RU
,Vozdvizhenka,RU
,Rostov-on-Don,RU
,Akhtubinsk,RU
,Kubinka,RU
,Rtishchevo,RU
,Vladimir,RU
,Soltsy,RU
,Balabanovo,RU
,Moscow,RU
,Staraya Russa,RU
,Kipelovo,RU
,Severomorsk,RU
,Severomorsk,RU
,Ryazan,RU
,Maykop,RU
,Surgut (Сургу́т),RU
,Kamensk Uralskiy,RU
,Dolinsk,RU
,Samara,RU
,Dzhida,RU
,Kaluga,RU
,Sennoy,RU
,Kansk,RU
,Tambov,RU
,Yoshkar Ola,RU
,Olenegorsk,RU
,Belaya,RU
,Pochinok,RU
,Chita,RU
,Chuguyevka,RU
,Gdov,RU
,Ivanovo,RU
,Saransk,RU
,Ulan Ude,RU
,Michurinsk,RU
,Yasnogorsk,RU
,Yugorsk,RU
,Uvelsky,RU
,Voronezh,RU
,Sharomy,RU
,Saratov,RU
,Vorkuta,RU
,Novgorod,RU
,Rzhev,RU
,Kirov,RU
,San Fernando,AR
,Villa Maria,AR
,Rio de Janeiro,BR
,Anápolis,BR
,Barbacena,BR
,Novo Progresso,BR
,Natal,BR
,Taubaté,BR
,Aldeia Tiriós,BR
,Rancagua,CL
,Karari al-Balad,SD
,Salto del Guaira,PY
,Itaipú,PY
,Tunja,CO
,Marandúa,CO
,Sucre,BO
,San Ignacio de Velasco,BO
,Mogadishu,SO
,Caballococha,PE
,Montevideo,UY
,,VE
,Charallave,VE
,Caracas,VE
,San Juan de los Morros,VE
,Ocumare del Tuy,VE
,Dushanbe,TJ
,Parkhar,TJ
,Mary,TM
,Polatlı,TR
,Alpu,TR
,Keşan,TR
,Kaohsiung (Zuoying),TW
,Nizhyn,UA
,Oktyabrskoe,UA
,Kirovskoe,UA
,Melitopol,UA
,Kacha,UA
,Bila Tserkva,UA
,Bolgrad,UA
,Kryvyi Rih,UA
,Batken,KG
,Kant,KG
,Töretam,KZ
,Ayaguz,KZ
,Shalkar,KZ
,Sumqayit,AZ
,Khojaly,AZ
,Kyurdamir,AZ
,Baku,AZ
,Yerevan,AM
,Kyzyl-Syr,RU
,,RU
,Gudauta,GE
,Dollyar,AZ
,Tbilisi,GE
,Tbilisi,GE
,Gamarjveba 1,GE
,Bolshiye Shiraki,GE
,Ambrolauri,GE
,Komsomolsk-na-Amur,RU
,Sovetskaya Gavan,RU
,Omsukchan,RU
,Chaybukha,RU
,Seymchan,RU
,Magadan,RU
,Palana,RU
,Krasnokamensk,RU
,Zheleznogorsk-Ilimsky,RU
,Hvardiiske,UA
,Novofedorivka,UA
,Dzhankoy,UA
,Kiev,UA
,Zhytomyr,UA
,St. Petersburg,RU
,Petrozavodsk,RU
,Baranavichi,BY
,Babruisk,BY
,Novosibirsk,RU
,Omsk,RU
,Murmansk,RU
,Dudinka,RU
,Yuma,US
,Yekaterinburg,RU
,Ashgabat,TM
,Tashkent,UZ
,Lukhovitsy,RU
,Vuktyl,RU
,Izhma,RU
,Kazan,RU
,Buguruslan,RU
,Samara,RU
,Jalpaiguri,IN
,,IN
,Islands,HK
,Ambala,IN
,New Delhi,IN
,,IN
,Udhampur,IN
,Pokhara,NP
,Campbell Bay,IN
,Bangalore,IN
,Hyderabad,IN
,,TH
,Nakhon Si Thammarat,TH
,Hanoi  (Long Bien),VN
,Meiktila,MM
,Myitkyina,MM
,Meiktila,MM
,Kluang,MY
,Singapore,SG
,Sembawang,SG
,Grozny,RU
,Kamyshin,RU
,,AU
,,AU
,Bullsbrook,AU
,Adelaide,AU
,William Creek,AU
,,AU
,Hamat,LB
,Beijing,CN
,Sunchon,KP
,"Dadong, Shenyang",CN
